"","Barcode","UMI","WT_Mecp2","MUT_Mecp2","Body","Sample","Condition","Sex","Timepoint"
"1","CATATGGCAGGCGATA","GGCATATTAG",0,1,0,"CORT1","Mecp2_MUT","M","P120"
"2","ACGCAGCCACCGAAAG","CCCGGGGCGC",1,0,0,"CORT2","Mecp2_MUT","M","P120"
"3","AGCGGTCCACACTGCG","GCGTAGTCTG",0,1,0,"CORT2","Mecp2_MUT","M","P120"
"4","ATTGGTGGTACAGTTC","AGCTCGCGCC",0,1,0,"CORT2","Mecp2_MUT","M","P120"
"5","CGAATGTAGTGTGAAT","TTATTTGGGT",0,1,0,"CORT2","Mecp2_MUT","M","P120"
"6","CTACCCACATTGGGCC","TCCGTCTCTT",8,0,4,"CORT2","Mecp2_MUT","M","P120"
"7","CTAGAGTAGTCGAGTG","CTGTCTCCAT",0,2,0,"CORT2","Mecp2_MUT","M","P120"
"8","CTGAAACAGGATTCGG","CGGGATTAGA",0,1,0,"CORT2","Mecp2_MUT","M","P120"
"9","TCACAAGTCAGCTGGC","ATCTGTGCAT",0,1,0,"CORT2","Mecp2_MUT","M","P120"
"10","TCAGGTATCATGTAGC","GACACCTGGA",0,1,0,"CORT2","Mecp2_MUT","M","P120"
"11","TCGAGAGTAAGAGAGG","GTGATCTTGT",1,0,0,"CORT2","Mecp2_MUT","M","P120"
"12","ACTGAGTGTGTGACGA","ACCGAGGAAT",1,0,0,"CORT1","Mecp2_WT","M","P120"
"13","CCAATCCAGTCGTACT","TCATTGGATG",1,0,0,"CORT1","Mecp2_WT","M","P120"
"14","CCTTCGACACGTCTCT","GGGTAACAAA",1,0,0,"CORT1","Mecp2_WT","M","P120"
"15","CTACACCAGCCAGTAG","ATCTGAGCCA",1,0,0,"CORT1","Mecp2_WT","M","P120"
"16","CTCTAATCACCAACCG","AGAATTCGTC",1,0,0,"CORT1","Mecp2_WT","M","P120"
"17","GAAATGACAGGTTTCA","GAAGGCTTTA",2,0,0,"CORT1","Mecp2_WT","M","P120"
"18","GCGCGCTCCCTCCTCT","CGGAGAGAGG",1,0,0,"CORT1","Mecp2_WT","M","P120"
"19","TCTCGTTTCTTATATG","GGGGCGCGCT",2,0,1,"CORT1","Mecp2_WT","M","P120"
"20","TTAGTTCTCCGTAGTA","CATGCTCTCG",34,0,17,"CORT1","Mecp2_WT","M","P120"
"21","CATCCCACCAAGGTGT","GGAGCCTGGG",1,0,0,"CORT2","Mecp2_WT","M","P120"
"22","GAGTCCGCAGTATCTG","GACCATTACG",1,0,0,"CORT2","Mecp2_WT","M","P120"
"23","GTGCAGCTCTGCCCTA","ATAGGCCTCT",1,0,0,"CORT2","Mecp2_WT","M","P120"
"24","TGTCCCAAGACATAAC","TAGATGCATT",1,0,0,"CORT2","Mecp2_WT","M","P120"
