,Metadata,Unnamed: 0,GO.ID,Term,Annotated,Significant,Expected,Fisher
0,L2_3_IT_E18_WB_BP,1,GO:0021954,central nervous system neuron development,97,15,3.79,5.1e-06
1,L2_3_IT_E18_WB_BP,2,GO:0007411,axon guidance,216,23,8.45,1.3e-05
2,L2_3_IT_E18_WB_BP,3,GO:1902476,chloride transmembrane transport,41,9,1.6,2.3e-05
3,L2_3_IT_E18_WB_BP,4,GO:0099560,synaptic membrane adhesion,32,8,1.25,2.4e-05
4,L2_3_IT_E18_WB_BP,5,GO:0030007,cellular potassium ion homeostasis,11,5,0.43,3.4e-05
0,L2_3_IT_E18_WB_CC,1,GO:0098978,glutamatergic synapse,492,60,19.22,2.7e-15
1,L2_3_IT_E18_WB_CC,2,GO:0022627,cytosolic small ribosomal subunit,44,18,1.72,1.4e-14
2,L2_3_IT_E18_WB_CC,3,GO:0098982,GABA-ergic synapse,102,21,3.99,3.1e-10
3,L2_3_IT_E18_WB_CC,4,GO:0043025,neuronal cell body,652,57,25.48,8.8e-09
4,L2_3_IT_E18_WB_CC,5,GO:0022625,cytosolic large ribosomal subunit,52,13,2.03,6.7e-08
0,L2_3_IT_E18_WB_MF,1,GO:0003735,structural constituent of ribosome,148,25,5.78,5.5e-10
1,L2_3_IT_E18_WB_MF,2,GO:1904315,transmitter-gated ion channel activity involved in regulatio...,42,9,1.64,2.8e-05
2,L2_3_IT_E18_WB_MF,3,GO:0022851,GABA-gated chloride ion channel activity,12,5,0.47,5.6e-05
3,L2_3_IT_E18_WB_MF,4,GO:1990932,5.8S rRNA binding,3,3,0.12,5.9e-05
4,L2_3_IT_E18_WB_MF,5,GO:0031720,haptoglobin binding,8,4,0.31,0.00014
0,L6_E18_WB_BP,1,GO:0043524,negative regulation of neuron apoptotic process,173,14,3.28,5.4e-06
1,L6_E18_WB_BP,2,GO:0010001,glial cell differentiation,230,15,4.36,3.3e-05
2,L6_E18_WB_BP,3,GO:0032489,regulation of Cdc42 protein signal transduction,6,3,0.11,0.00013
3,L6_E18_WB_BP,4,GO:0045664,regulation of neuron differentiation,207,15,3.92,0.00013
4,L6_E18_WB_BP,5,GO:0048485,sympathetic nervous system development,18,4,0.34,0.00031
0,L6_E18_WB_CC,1,GO:0022625,cytosolic large ribosomal subunit,52,13,0.98,9.9e-12
1,L6_E18_WB_CC,2,GO:0022627,cytosolic small ribosomal subunit,44,8,0.83,1.5e-06
2,L6_E18_WB_CC,3,GO:0043209,myelin sheath,200,15,3.79,6.3e-06
3,L6_E18_WB_CC,4,GO:0005883,neurofilament,11,4,0.21,3.7e-05
4,L6_E18_WB_CC,5,GO:0034362,low-density lipoprotein particle,8,3,0.15,0.00035
0,L6_E18_WB_MF,1,GO:0003735,structural constituent of ribosome,148,18,2.79,3.6e-10
1,L6_E18_WB_MF,2,GO:0031492,nucleosomal DNA binding,7,4,0.13,4.1e-06
2,L6_E18_WB_MF,3,GO:0000978,RNA polymerase II cis-regulatory region sequence-specific DN...,909,34,17.14,0.0001
3,L6_E18_WB_MF,4,GO:0005509,calcium ion binding,479,22,9.03,0.00011
4,L6_E18_WB_MF,5,GO:0070180,large ribosomal subunit rRNA binding,8,3,0.15,0.00035
0,Sst_E18_WB_BP,1,GO:0072272,proximal/distal pattern formation involved in metanephric ne...,2,2,0.02,0.00011
1,Sst_E18_WB_BP,2,GO:0019896,axonal transport of mitochondrion,15,3,0.16,0.00045
2,Sst_E18_WB_BP,3,GO:0002840,regulation of T cell mediated immune response to tumor cell,4,2,0.04,0.00063
3,Sst_E18_WB_BP,4,GO:0072086,specification of loop of Henle identity,4,2,0.04,0.00063
4,Sst_E18_WB_BP,5,GO:0035249,"synaptic transmission, glutamatergic",101,6,1.05,0.00063
0,Sst_E18_WB_CC,1,GO:0022627,cytosolic small ribosomal subunit,45,7,0.48,4.2e-07
1,Sst_E18_WB_CC,2,GO:0022625,cytosolic large ribosomal subunit,53,6,0.56,2e-05
2,Sst_E18_WB_CC,3,GO:0045202,synapse,1336,37,14.16,4.2e-05
3,Sst_E18_WB_CC,4,GO:0043209,myelin sheath,199,10,2.11,5.1e-05
4,Sst_E18_WB_CC,5,GO:0005615,extracellular space,851,21,9.02,0.00025
0,Sst_E18_WB_MF,1,GO:0003735,structural constituent of ribosome,149,13,1.57,5.7e-09
1,Sst_E18_WB_MF,2,GO:0016868,"intramolecular transferase activity, phosphotransferases",9,3,0.09,9.2e-05
2,Sst_E18_WB_MF,3,GO:0010858,calcium-dependent protein kinase regulator activity,4,2,0.04,0.00065
3,Sst_E18_WB_MF,4,GO:0005200,structural constituent of cytoskeleton,53,4,0.56,0.00232
4,Sst_E18_WB_MF,5,GO:0001640,adenylate cyclase inhibiting G protein-coupled glutamate rec...,8,2,0.08,0.00296
0,L5_E18_WB_BP,1,GO:0002181,cytoplasmic translation,86,21,3.49,2.1e-11
1,L5_E18_WB_BP,2,GO:0072086,specification of loop of Henle identity,4,4,0.16,2.7e-06
2,L5_E18_WB_BP,3,GO:0048485,sympathetic nervous system development,20,7,0.81,8.6e-06
3,L5_E18_WB_BP,4,GO:0000028,ribosomal small subunit assembly,20,7,0.81,8.6e-06
4,L5_E18_WB_BP,5,GO:0051932,"synaptic transmission, GABAergic",55,10,2.23,6.4e-05
0,L5_E18_WB_CC,1,GO:0022625,cytosolic large ribosomal subunit,53,31,2.16,7.8e-30
1,L5_E18_WB_CC,2,GO:0022627,cytosolic small ribosomal subunit,44,25,1.79,7.599999999999999e-24
2,L5_E18_WB_CC,3,GO:0043209,myelin sheath,198,40,8.07,2.3e-17
3,L5_E18_WB_CC,4,GO:0042788,polysomal ribosome,30,17,1.22,1.4e-16
4,L5_E18_WB_CC,5,GO:0045202,synapse,1352,169,55.12,7.8e-15
0,L5_E18_WB_MF,1,GO:0003735,structural constituent of ribosome,149,48,6.03,1.6e-30
1,L5_E18_WB_MF,2,GO:0008201,heparin binding,119,17,4.82,5.8e-06
2,L5_E18_WB_MF,3,GO:0019843,rRNA binding,68,19,2.75,1.6e-05
3,L5_E18_WB_MF,4,GO:0005200,structural constituent of cytoskeleton,54,10,2.19,5.2e-05
4,L5_E18_WB_MF,5,GO:0008092,cytoskeletal protein binding,895,64,36.22,6.7e-05
0,L4_E18_WB_BP,1,GO:1905606,regulation of presynapse assembly,32,8,0.87,1.6e-06
1,L4_E18_WB_BP,2,GO:0099560,synaptic membrane adhesion,32,7,0.87,1.9e-05
2,L4_E18_WB_BP,3,GO:0000028,ribosomal small subunit assembly,20,5,0.54,0.00016
3,L4_E18_WB_BP,4,GO:0050804,modulation of chemical synaptic transmission,472,26,12.82,0.00051
4,L4_E18_WB_BP,5,GO:1903744,positive regulation of anterograde synaptic vesicle transpor...,2,2,0.05,0.00074
0,L4_E18_WB_CC,1,GO:0022627,cytosolic small ribosomal subunit,44,16,1.19,1.2e-14
1,L4_E18_WB_CC,2,GO:0022625,cytosolic large ribosomal subunit,53,13,1.43,1.1e-09
2,L4_E18_WB_CC,3,GO:0098982,GABA-ergic synapse,99,14,2.68,4.1e-07
3,L4_E18_WB_CC,4,GO:0030285,integral component of synaptic vesicle membrane,44,9,1.19,2.2e-06
4,L4_E18_WB_CC,5,GO:0099061,integral component of postsynaptic density membrane,69,10,1.87,1.5e-05
0,L4_E18_WB_MF,1,GO:0003735,structural constituent of ribosome,148,25,4.03,2.1e-13
1,L4_E18_WB_MF,2,GO:0019843,rRNA binding,68,11,1.85,2e-06
2,L4_E18_WB_MF,3,GO:0102391,decanoate-CoA ligase activity,7,3,0.19,0.00064
3,L4_E18_WB_MF,4,GO:0030165,PDZ domain binding,108,10,2.94,0.00071
4,L4_E18_WB_MF,5,GO:0047676,arachidonate-CoA ligase activity,9,3,0.24,0.00148
0,Pvalb_E18_WB_BP,1,GO:0010976,positive regulation of neuron projection development,202,6,0.91,0.00029
1,Pvalb_E18_WB_BP,2,GO:0071896,protein localization to adherens junction,6,2,0.03,0.0003
2,Pvalb_E18_WB_BP,3,GO:0098884,postsynaptic neurotransmitter receptor internalization,30,3,0.14,0.00033
3,Pvalb_E18_WB_BP,4,GO:0007406,negative regulation of neuroblast proliferation,8,2,0.04,0.00055
4,Pvalb_E18_WB_BP,5,GO:0033603,positive regulation of dopamine secretion,9,2,0.04,0.00071
0,Pvalb_E18_WB_CC,1,GO:0043209,myelin sheath,196,8,0.9,2.9e-06
1,Pvalb_E18_WB_CC,2,GO:0044305,calyx of Held,27,3,0.12,0.00025
2,Pvalb_E18_WB_CC,3,GO:0005890,sodium:potassium-exchanging ATPase complex,6,2,0.03,0.00031
3,Pvalb_E18_WB_CC,4,GO:0045202,synapse,1321,20,6.05,0.00081
4,Pvalb_E18_WB_CC,5,GO:0005883,neurofilament,11,2,0.05,0.00111
0,Pvalb_E18_WB_MF,1,GO:0005200,structural constituent of cytoskeleton,51,4,0.23,8.4e-05
1,Pvalb_E18_WB_MF,2,GO:0003735,structural constituent of ribosome,148,5,0.68,0.00057
2,Pvalb_E18_WB_MF,3,GO:0099186,structural constituent of postsynapse,19,2,0.09,0.00335
3,Pvalb_E18_WB_MF,4,GO:0008682,"2-octoprenyl-3-methyl-6-methoxy-1,4-benzoquinone hydroxylase...",1,1,0.0,0.00457
4,Pvalb_E18_WB_MF,5,GO:0086037,sodium:potassium-exchanging ATPase activity involved in regu...,1,1,0.0,0.00457
0,Sncg_E18_WB_BP,1,GO:0000002,mitochondrial genome maintenance,24,0,0.0,1.0
1,Sncg_E18_WB_BP,2,GO:0000003,reproduction,938,0,0.0,1.0
2,Sncg_E18_WB_BP,3,GO:0000012,single strand break repair,11,0,0.0,1.0
3,Sncg_E18_WB_BP,4,GO:0000018,regulation of DNA recombination,71,0,0.0,1.0
4,Sncg_E18_WB_BP,5,GO:0000019,regulation of mitotic recombination,6,0,0.0,1.0
0,Sncg_E18_WB_CC,1,GO:0000015,phosphopyruvate hydratase complex,4,0,0.0,1.0
1,Sncg_E18_WB_CC,2,GO:0000109,nucleotide-excision repair complex,13,0,0.0,1.0
2,Sncg_E18_WB_CC,3,GO:0000110,nucleotide-excision repair factor 1 complex,3,0,0.0,1.0
3,Sncg_E18_WB_CC,4,GO:0000111,nucleotide-excision repair factor 2 complex,1,0,0.0,1.0
4,Sncg_E18_WB_CC,5,GO:0000112,nucleotide-excision repair factor 3 complex,1,0,0.0,1.0
0,Sncg_E18_WB_MF,1,GO:0000009,"alpha-1,6-mannosyltransferase activity",1,0,0.0,1.0
1,Sncg_E18_WB_MF,2,GO:0000010,trans-hexaprenyltranstransferase activity,2,0,0.0,1.0
2,Sncg_E18_WB_MF,3,GO:0000014,single-stranded DNA endodeoxyribonuclease activity,11,0,0.0,1.0
3,Sncg_E18_WB_MF,4,GO:0000026,"alpha-1,2-mannosyltransferase activity",4,0,0.0,1.0
4,Sncg_E18_WB_MF,5,GO:0000030,mannosyltransferase activity,25,0,0.0,1.0
0,Non_neuronal_E18_WB_BP,1,GO:0099054,presynapse assembly,46,2,0.04,0.00063
1,Non_neuronal_E18_WB_BP,2,GO:0051966,"regulation of synaptic transmission, glutamatergic",67,2,0.06,0.00133
2,Non_neuronal_E18_WB_BP,3,GO:1902340,negative regulation of chromosome condensation,2,1,0.0,0.00165
3,Non_neuronal_E18_WB_BP,4,GO:0033693,neurofilament bundle assembly,3,1,0.0,0.00247
4,Non_neuronal_E18_WB_BP,5,GO:0045105,intermediate filament polymerization or depolymerization,3,1,0.0,0.00247
0,Non_neuronal_E18_WB_CC,1,GO:0099061,integral component of postsynaptic density membrane,67,2,0.06,0.0016
1,Non_neuronal_E18_WB_CC,2,GO:0043195,terminal bouton,71,2,0.06,0.0018
2,Non_neuronal_E18_WB_CC,3,GO:0099182,presynaptic intermediate filament cytoskeleton,2,1,0.0,0.0018
3,Non_neuronal_E18_WB_CC,4,GO:0098982,GABA-ergic synapse,99,2,0.09,0.0034
4,Non_neuronal_E18_WB_CC,5,GO:0099160,postsynaptic intermediate filament cytoskeleton,4,1,0.0,0.0036
0,Non_neuronal_E18_WB_MF,1,GO:1904315,transmitter-gated ion channel activity involved in regulatio...,41,2,0.04,0.00061
1,Non_neuronal_E18_WB_MF,2,GO:0010855,adenylate cyclase inhibitor activity,2,1,0.0,0.00182
2,Non_neuronal_E18_WB_MF,3,GO:0099184,structural constituent of postsynaptic intermediate filament...,3,1,0.0,0.00272
3,Non_neuronal_E18_WB_MF,4,GO:0001642,group III metabotropic glutamate receptor activity,3,1,0.0,0.00272
4,Non_neuronal_E18_WB_MF,5,GO:0004971,AMPA glutamate receptor activity,4,1,0.0,0.00363
0,Oligo_E18_WB_BP,1,GO:0070327,thyroid hormone transport,6,1,0.0,0.00048
1,Oligo_E18_WB_BP,2,GO:0042572,retinol metabolic process,9,1,0.0,0.00073
2,Oligo_E18_WB_BP,3,GO:0006144,purine nucleobase metabolic process,13,1,0.0,0.00105
3,Oligo_E18_WB_BP,4,GO:0034308,primary alcohol metabolic process,34,1,0.0,1.0
4,Oligo_E18_WB_BP,5,GO:0006629,lipid metabolic process,843,1,0.07,1.0
0,Oligo_E18_WB_CC,1,GO:0005615,extracellular space,646,1,0.05,0.052
1,Oligo_E18_WB_CC,2,GO:0005576,extracellular region,1012,1,0.08,0.081
2,Oligo_E18_WB_CC,3,GO:0032991,protein-containing complex,4122,1,0.33,0.331
3,Oligo_E18_WB_CC,4,GO:0110165,cellular anatomical entity,11590,1,0.93,0.93
4,Oligo_E18_WB_CC,5,GO:0005575,cellular_component,12465,1,1.0,1.0
0,Oligo_E18_WB_MF,1,GO:0070324,thyroid hormone binding,6,1,0.0,0.00049
1,Oligo_E18_WB_MF,2,GO:0005179,hormone activity,39,1,0.0,0.00318
2,Oligo_E18_WB_MF,3,GO:0044877,protein-containing complex binding,1113,1,0.09,0.09068
3,Oligo_E18_WB_MF,4,GO:0042802,identical protein binding,1654,1,0.13,0.13476
4,Oligo_E18_WB_MF,5,GO:0003674,molecular_function,12274,1,1.0,1.0
0,Vip_E18_WB_BP,1,GO:1905606,regulation of presynapse assembly,32,6,0.46,5.5e-06
1,Vip_E18_WB_BP,2,GO:0099560,synaptic membrane adhesion,32,6,0.46,5.5e-06
2,Vip_E18_WB_BP,3,GO:0006412,translation,538,21,7.76,3.4e-05
3,Vip_E18_WB_BP,4,GO:0035235,ionotropic glutamate receptor signaling pathway,15,4,0.22,5.1e-05
4,Vip_E18_WB_BP,5,GO:0060730,regulation of intestinal epithelial structure maintenance,2,2,0.03,0.00021
0,Vip_E18_WB_CC,1,GO:0022627,cytosolic small ribosomal subunit,44,11,0.64,2.3e-11
1,Vip_E18_WB_CC,2,GO:0098978,glutamatergic synapse,493,25,7.16,5.1e-08
2,Vip_E18_WB_CC,3,GO:0022625,cytosolic large ribosomal subunit,54,9,0.78,7.2e-08
3,Vip_E18_WB_CC,4,GO:0099061,integral component of postsynaptic density membrane,69,8,1.0,6.7e-06
4,Vip_E18_WB_CC,5,GO:0005833,hemoglobin complex,7,3,0.1,0.0001
0,Vip_E18_WB_MF,1,GO:0003735,structural constituent of ribosome,149,17,2.23,8e-11
1,Vip_E18_WB_MF,2,GO:0019825,oxygen binding,14,4,0.21,4.3e-05
2,Vip_E18_WB_MF,3,GO:0031720,haptoglobin binding,7,3,0.1,0.00011
3,Vip_E18_WB_MF,4,GO:0005344,oxygen carrier activity,7,3,0.1,0.00011
4,Vip_E18_WB_MF,5,GO:0031721,hemoglobin alpha binding,2,2,0.03,0.00022
0,Lamp5_E18_WB_BP,1,GO:0010976,positive regulation of neuron projection development,199,20,6.91,2e-05
1,Lamp5_E18_WB_BP,2,GO:0016339,calcium-dependent cell-cell adhesion via plasma membrane cel...,28,7,0.97,3.6e-05
2,Lamp5_E18_WB_BP,3,GO:0007612,learning,160,17,5.55,4.1e-05
3,Lamp5_E18_WB_BP,4,GO:0007605,sensory perception of sound,130,15,4.51,4.4e-05
4,Lamp5_E18_WB_BP,5,GO:1901897,regulation of relaxation of cardiac muscle,7,4,0.24,4.6e-05
0,Lamp5_E18_WB_CC,1,GO:0022627,cytosolic small ribosomal subunit,44,15,1.52,8.8e-12
1,Lamp5_E18_WB_CC,2,GO:0022625,cytosolic large ribosomal subunit,52,15,1.8,1.3e-10
2,Lamp5_E18_WB_CC,3,GO:0098978,glutamatergic synapse,491,47,16.97,2.2e-10
3,Lamp5_E18_WB_CC,4,GO:0043209,myelin sheath,197,23,6.81,3.3e-07
4,Lamp5_E18_WB_CC,5,GO:0045202,synapse,1327,122,45.86,5.3e-07
0,Lamp5_E18_WB_MF,1,GO:0003735,structural constituent of ribosome,148,26,5.11,6.5e-12
1,Lamp5_E18_WB_MF,2,GO:0005516,calmodulin binding,163,17,5.63,4.9e-05
2,Lamp5_E18_WB_MF,3,GO:0045295,gamma-catenin binding,10,4,0.35,0.00025
3,Lamp5_E18_WB_MF,4,GO:0042288,MHC class I protein binding,12,4,0.41,0.00056
4,Lamp5_E18_WB_MF,5,GO:0051117,ATPase binding,90,10,3.11,0.00106
0,Astro_E18_WB_BP,1,GO:1900006,positive regulation of dendrite development,20,3,0.05,1.8e-05
1,Astro_E18_WB_BP,2,GO:0003357,noradrenergic neuron differentiation,4,2,0.01,4e-05
2,Astro_E18_WB_BP,3,GO:0003211,cardiac ventricle formation,5,2,0.01,6.6e-05
3,Astro_E18_WB_BP,4,GO:0034374,low-density lipoprotein particle remodeling,6,2,0.02,9.9e-05
4,Astro_E18_WB_BP,5,GO:0070779,D-aspartate import across plasma membrane,6,2,0.02,9.9e-05
0,Astro_E18_WB_CC,1,GO:0005615,extracellular space,748,12,1.95,7.2e-06
1,Astro_E18_WB_CC,2,GO:0031232,extrinsic component of external side of plasma membrane,5,2,0.01,6.6e-05
2,Astro_E18_WB_CC,3,GO:0034362,low-density lipoprotein particle,7,2,0.02,0.00014
3,Astro_E18_WB_CC,4,GO:0097450,astrocyte end-foot,8,2,0.02,0.00018
4,Astro_E18_WB_CC,5,GO:0098978,glutamatergic synapse,485,7,1.26,0.00021
0,Astro_E18_WB_MF,1,GO:0005314,high-affinity glutamate transmembrane transporter activity,4,2,0.01,4.1e-05
1,Astro_E18_WB_MF,2,GO:0005102,signaling receptor binding,1108,9,2.93,0.0019
2,Astro_E18_WB_MF,3,GO:0008201,heparin binding,102,3,0.27,0.0024
3,Astro_E18_WB_MF,4,GO:0046911,metal chelating activity,1,1,0.0,0.0026
4,Astro_E18_WB_MF,5,GO:0019838,growth factor binding,110,3,0.29,0.003
0,Peri_E18_WB_BP,1,GO:0000002,mitochondrial genome maintenance,22,0,0.0,1.0
1,Peri_E18_WB_BP,2,GO:0000003,reproduction,816,0,0.0,1.0
2,Peri_E18_WB_BP,3,GO:0000012,single strand break repair,11,0,0.0,1.0
3,Peri_E18_WB_BP,4,GO:0000018,regulation of DNA recombination,70,0,0.0,1.0
4,Peri_E18_WB_BP,5,GO:0000019,regulation of mitotic recombination,6,0,0.0,1.0
0,Peri_E18_WB_CC,1,GO:0000015,phosphopyruvate hydratase complex,2,0,0.0,1.0
1,Peri_E18_WB_CC,2,GO:0000109,nucleotide-excision repair complex,13,0,0.0,1.0
2,Peri_E18_WB_CC,3,GO:0000110,nucleotide-excision repair factor 1 complex,3,0,0.0,1.0
3,Peri_E18_WB_CC,4,GO:0000111,nucleotide-excision repair factor 2 complex,1,0,0.0,1.0
4,Peri_E18_WB_CC,5,GO:0000112,nucleotide-excision repair factor 3 complex,1,0,0.0,1.0
0,Peri_E18_WB_MF,1,GO:0000010,trans-hexaprenyltranstransferase activity,2,0,0.0,1.0
1,Peri_E18_WB_MF,2,GO:0000014,single-stranded DNA endodeoxyribonuclease activity,11,0,0.0,1.0
2,Peri_E18_WB_MF,3,GO:0000026,"alpha-1,2-mannosyltransferase activity",4,0,0.0,1.0
3,Peri_E18_WB_MF,4,GO:0000030,mannosyltransferase activity,24,0,0.0,1.0
4,Peri_E18_WB_MF,5,GO:0000033,"alpha-1,3-mannosyltransferase activity",3,0,0.0,1.0
0,Endo_E18_WB_BP,1,GO:0000002,mitochondrial genome maintenance,19,0,0.0,1.0
1,Endo_E18_WB_BP,2,GO:0000003,reproduction,775,0,0.0,1.0
2,Endo_E18_WB_BP,3,GO:0000012,single strand break repair,11,0,0.0,1.0
3,Endo_E18_WB_BP,4,GO:0000018,regulation of DNA recombination,63,0,0.0,1.0
4,Endo_E18_WB_BP,5,GO:0000019,regulation of mitotic recombination,5,0,0.0,1.0
0,Endo_E18_WB_CC,1,GO:0000015,phosphopyruvate hydratase complex,2,0,0.0,1.0
1,Endo_E18_WB_CC,2,GO:0000109,nucleotide-excision repair complex,13,0,0.0,1.0
2,Endo_E18_WB_CC,3,GO:0000110,nucleotide-excision repair factor 1 complex,3,0,0.0,1.0
3,Endo_E18_WB_CC,4,GO:0000111,nucleotide-excision repair factor 2 complex,1,0,0.0,1.0
4,Endo_E18_WB_CC,5,GO:0000112,nucleotide-excision repair factor 3 complex,1,0,0.0,1.0
0,Endo_E18_WB_MF,1,GO:0000009,"alpha-1,6-mannosyltransferase activity",1,0,0.0,1.0
1,Endo_E18_WB_MF,2,GO:0000010,trans-hexaprenyltranstransferase activity,2,0,0.0,1.0
2,Endo_E18_WB_MF,3,GO:0000014,single-stranded DNA endodeoxyribonuclease activity,11,0,0.0,1.0
3,Endo_E18_WB_MF,4,GO:0000026,"alpha-1,2-mannosyltransferase activity",3,0,0.0,1.0
4,Endo_E18_WB_MF,5,GO:0000030,mannosyltransferase activity,23,0,0.0,1.0
0,L2_3_IT_P30_CORT_BP,1,GO:0045944,positive regulation of transcription by RNA polymerase II,945,34,16.68,5.8e-05
1,L2_3_IT_P30_CORT_BP,2,GO:0086091,regulation of heart rate by cardiac conduction,25,5,0.44,6.6e-05
2,L2_3_IT_P30_CORT_BP,3,GO:0035914,skeletal muscle cell differentiation,58,7,1.02,6.9e-05
3,L2_3_IT_P30_CORT_BP,4,GO:0050808,synapse organization,459,28,8.1,8.5e-05
4,L2_3_IT_P30_CORT_BP,5,GO:0086015,SA node cell action potential,7,3,0.12,0.00018
0,L2_3_IT_P30_CORT_CC,1,GO:0098978,glutamatergic synapse,491,25,8.56,1.6e-06
1,L2_3_IT_P30_CORT_CC,2,GO:0034703,cation channel complex,191,13,3.33,3.1e-05
2,L2_3_IT_P30_CORT_CC,3,GO:0014069,postsynaptic density,384,22,6.69,4.1e-05
3,L2_3_IT_P30_CORT_CC,4,GO:0098797,plasma membrane protein complex,445,18,7.76,0.00082
4,L2_3_IT_P30_CORT_CC,5,GO:0097060,synaptic membrane,430,27,7.49,0.00092
0,L2_3_IT_P30_CORT_MF,1,GO:0001228,"DNA-binding transcription activator activity, RNA polymerase...",334,16,5.93,0.00032
1,L2_3_IT_P30_CORT_MF,2,GO:0044325,ion channel binding,123,9,2.18,0.00034
2,L2_3_IT_P30_CORT_MF,3,GO:0070097,delta-catenin binding,9,3,0.16,0.00043
3,L2_3_IT_P30_CORT_MF,4,GO:0001102,RNA polymerase II activating transcription factor binding,39,5,0.69,0.0006
4,L2_3_IT_P30_CORT_MF,5,GO:0004683,calmodulin-dependent protein kinase activity,24,4,0.43,0.00078
0,L6_P30_CORT_BP,1,GO:0071376,cellular response to corticotropin-releasing hormone stimulu...,4,3,0.02,8.8e-07
1,L6_P30_CORT_BP,2,GO:0035914,skeletal muscle cell differentiation,58,5,0.35,2.7e-05
2,L6_P30_CORT_BP,3,GO:0071277,cellular response to calcium ion,70,5,0.43,6.7e-05
3,L6_P30_CORT_BP,4,GO:0045944,positive regulation of transcription by RNA polymerase II,956,19,5.83,8.2e-05
4,L6_P30_CORT_BP,5,GO:0060004,reflex,23,3,0.14,0.00036
0,L6_P30_CORT_CC,1,GO:0035976,transcription factor AP-1 complex,4,3,0.02,8.9e-07
1,L6_P30_CORT_CC,2,GO:0031527,filopodium membrane,16,3,0.1,0.00012
2,L6_P30_CORT_CC,3,GO:0005634,nucleus,5943,54,36.53,0.00046
3,L6_P30_CORT_CC,4,GO:0043005,neuron projection,1364,17,8.38,0.00358
4,L6_P30_CORT_CC,5,GO:0014069,postsynaptic density,388,7,2.38,0.00987
0,L6_P30_CORT_MF,1,GO:0001228,"DNA-binding transcription activator activity, RNA polymerase...",340,14,2.02,1.2e-08
1,L6_P30_CORT_MF,2,GO:0003682,chromatin binding,552,13,3.29,2.1e-05
2,L6_P30_CORT_MF,3,GO:0000978,RNA polymerase II cis-regulatory region sequence-specific DN...,845,17,5.03,7.8e-05
3,L6_P30_CORT_MF,4,GO:0000979,RNA polymerase II core promoter sequence-specific DNA bindin...,18,3,0.11,0.00016
4,L6_P30_CORT_MF,5,GO:0035259,glucocorticoid receptor binding,20,3,0.12,0.00022
0,Sst_P30_CORT_BP,1,GO:0007157,heterophilic cell-cell adhesion via plasma membrane cell adh...,40,3,0.05,1.8e-05
1,Sst_P30_CORT_BP,2,GO:0046686,response to cadmium ion,29,2,0.04,0.00063
2,Sst_P30_CORT_BP,3,GO:0031175,neuron projection development,989,6,1.28,0.00114
3,Sst_P30_CORT_BP,4,GO:2000620,positive regulation of histone H4-K16 acetylation,1,1,0.0,0.0013
4,Sst_P30_CORT_BP,5,GO:0035914,skeletal muscle cell differentiation,56,2,0.07,0.00235
0,Sst_P30_CORT_CC,1,GO:0035976,transcription factor AP-1 complex,4,1,0.01,0.0052
1,Sst_P30_CORT_CC,2,GO:0120025,plasma membrane bounded cell projection,1932,7,2.5,0.0077
2,Sst_P30_CORT_CC,3,GO:0043240,Fanconi anaemia nuclear complex,14,1,0.02,0.0179
3,Sst_P30_CORT_CC,4,GO:0098890,extrinsic component of postsynaptic membrane,16,1,0.02,0.0205
4,Sst_P30_CORT_CC,5,GO:0016323,basolateral plasma membrane,178,2,0.23,0.0217
0,Sst_P30_CORT_MF,1,GO:0010428,methyl-CpNpG binding,1,1,0.0,0.0013
1,Sst_P30_CORT_MF,2,GO:0090556,phosphatidylserine floppase activity,2,1,0.0,0.0026
2,Sst_P30_CORT_MF,3,GO:0034188,apolipoprotein A-I receptor activity,2,1,0.0,0.0026
3,Sst_P30_CORT_MF,4,GO:0008489,"UDP-galactose:glucosylceramide beta-1,4-galactosyltransferas...",3,1,0.0,0.0039
4,Sst_P30_CORT_MF,5,GO:0042803,protein homodimerization activity,550,4,0.72,0.005
0,L5_P30_CORT_BP,1,GO:0045944,positive regulation of transcription by RNA polymerase II,947,33,14.43,6.7e-06
1,L5_P30_CORT_BP,2,GO:0021954,central nervous system neuron development,92,9,1.4,1.1e-05
2,L5_P30_CORT_BP,3,GO:0071376,cellular response to corticotropin-releasing hormone stimulu...,4,3,0.06,1.4e-05
3,L5_P30_CORT_BP,4,GO:2000310,regulation of NMDA receptor activity,26,5,0.4,4e-05
4,L5_P30_CORT_BP,5,GO:0021542,dentate gyrus development,15,4,0.23,6.3e-05
0,L5_P30_CORT_CC,1,GO:0098978,glutamatergic synapse,490,30,7.43,6.9e-11
1,L5_P30_CORT_CC,2,GO:0043025,neuronal cell body,661,29,10.02,2.5e-07
2,L5_P30_CORT_CC,3,GO:0014069,postsynaptic density,387,19,5.87,7e-06
3,L5_P30_CORT_CC,4,GO:0098685,Schaffer collateral - CA1 synapse,108,9,1.64,3.8e-05
4,L5_P30_CORT_CC,5,GO:0030426,growth cone,200,12,3.03,5.5e-05
0,L5_P30_CORT_MF,1,GO:0001228,"DNA-binding transcription activator activity, RNA polymerase...",334,21,5.09,4.1e-08
1,L5_P30_CORT_MF,2,GO:0000978,RNA polymerase II cis-regulatory region sequence-specific DN...,835,28,12.73,7.1e-05
2,L5_P30_CORT_MF,3,GO:0043008,ATP-dependent protein binding,11,3,0.17,0.00053
3,L5_P30_CORT_MF,4,GO:0008330,protein tyrosine/threonine phosphatase activity,11,3,0.17,0.00053
4,L5_P30_CORT_MF,5,GO:0017017,MAP kinase tyrosine/serine/threonine phosphatase activity,12,3,0.18,0.00069
0,L4_P30_CORT_BP,1,GO:0035914,skeletal muscle cell differentiation,57,4,0.24,0.0001
1,L4_P30_CORT_BP,2,GO:0071277,cellular response to calcium ion,68,4,0.29,0.0002
2,L4_P30_CORT_BP,3,GO:0007616,long-term memory,35,3,0.15,0.00044
3,L4_P30_CORT_BP,4,GO:0035924,cellular response to vascular endothelial growth factor stim...,51,3,0.22,0.00133
4,L4_P30_CORT_BP,5,GO:0051403,stress-activated MAPK cascade,194,5,0.83,0.00141
0,L4_P30_CORT_CC,1,GO:0035976,transcription factor AP-1 complex,4,2,0.02,0.00011
1,L4_P30_CORT_CC,2,GO:0097441,basal dendrite,10,2,0.04,0.00081
2,L4_P30_CORT_CC,3,GO:0043005,neuron projection,1328,14,5.74,0.00748
3,L4_P30_CORT_CC,4,GO:0098559,cytoplasmic side of early endosome membrane,3,1,0.01,0.01292
4,L4_P30_CORT_CC,5,GO:0017071,intracellular cyclic nucleotide activated cation channel com...,3,1,0.01,0.01292
0,L4_P30_CORT_MF,1,GO:0001228,"DNA-binding transcription activator activity, RNA polymerase...",321,11,1.31,5.8e-08
1,L4_P30_CORT_MF,2,GO:0000978,RNA polymerase II cis-regulatory region sequence-specific DN...,805,13,3.3,1.7e-05
2,L4_P30_CORT_MF,3,GO:0019871,sodium channel inhibitor activity,7,2,0.03,0.00034
3,L4_P30_CORT_MF,4,GO:0004725,protein tyrosine phosphatase activity,87,4,0.36,0.00044
4,L4_P30_CORT_MF,5,GO:0008330,protein tyrosine/threonine phosphatase activity,11,2,0.05,0.00088
0,Pvalb_P30_CORT_BP,1,GO:0098582,innate vocalization behavior,2,1,0.0,0.0012
1,Pvalb_P30_CORT_BP,2,GO:2000620,positive regulation of histone H4-K16 acetylation,2,1,0.0,0.0012
2,Pvalb_P30_CORT_BP,3,GO:0098912,membrane depolarization during atrial cardiac muscle cell ac...,2,1,0.0,0.0012
3,Pvalb_P30_CORT_BP,4,GO:1904879,positive regulation of calcium ion transmembrane transport v...,4,1,0.0,0.0023
4,Pvalb_P30_CORT_BP,5,GO:0006114,glycerol biosynthetic process,4,1,0.0,0.0023
0,Pvalb_P30_CORT_CC,1,GO:0000125,PCAF complex,4,1,0.0,0.0023
1,Pvalb_P30_CORT_CC,2,GO:0070761,pre-snoRNP complex,7,1,0.0,0.004
2,Pvalb_P30_CORT_CC,3,GO:1990454,L-type voltage-gated calcium channel complex,10,1,0.01,0.0058
3,Pvalb_P30_CORT_CC,4,GO:0000124,SAGA complex,12,1,0.01,0.0069
4,Pvalb_P30_CORT_CC,5,GO:0030914,STAGA complex,12,1,0.01,0.0069
0,Pvalb_P30_CORT_MF,1,GO:0098699,structural constituent of presynaptic actin cytoskeleton,1,1,0.0,0.00058
1,Pvalb_P30_CORT_MF,2,GO:0000121,glycerol-1-phosphatase activity,1,1,0.0,0.00058
2,Pvalb_P30_CORT_MF,3,GO:0043136,glycerol-3-phosphatase activity,2,1,0.0,0.00117
3,Pvalb_P30_CORT_MF,4,GO:0008967,phosphoglycolate phosphatase activity,2,1,0.0,0.00117
4,Pvalb_P30_CORT_MF,5,GO:0051219,phosphoprotein binding,97,2,0.06,0.00136
0,Sncg_P30_CORT_BP,1,GO:0000002,mitochondrial genome maintenance,24,0,0.0,1.0
1,Sncg_P30_CORT_BP,2,GO:0000003,reproduction,835,0,0.0,1.0
2,Sncg_P30_CORT_BP,3,GO:0000012,single strand break repair,11,0,0.0,1.0
3,Sncg_P30_CORT_BP,4,GO:0000018,regulation of DNA recombination,67,0,0.0,1.0
4,Sncg_P30_CORT_BP,5,GO:0000019,regulation of mitotic recombination,5,0,0.0,1.0
0,Sncg_P30_CORT_CC,1,GO:0000015,phosphopyruvate hydratase complex,4,0,0.0,1.0
1,Sncg_P30_CORT_CC,2,GO:0000109,nucleotide-excision repair complex,12,0,0.0,1.0
2,Sncg_P30_CORT_CC,3,GO:0000110,nucleotide-excision repair factor 1 complex,3,0,0.0,1.0
3,Sncg_P30_CORT_CC,4,GO:0000111,nucleotide-excision repair factor 2 complex,1,0,0.0,1.0
4,Sncg_P30_CORT_CC,5,GO:0000112,nucleotide-excision repair factor 3 complex,1,0,0.0,1.0
0,Sncg_P30_CORT_MF,1,GO:0000009,"alpha-1,6-mannosyltransferase activity",1,0,0.0,1.0
1,Sncg_P30_CORT_MF,2,GO:0000010,trans-hexaprenyltranstransferase activity,2,0,0.0,1.0
2,Sncg_P30_CORT_MF,3,GO:0000014,single-stranded DNA endodeoxyribonuclease activity,11,0,0.0,1.0
3,Sncg_P30_CORT_MF,4,GO:0000016,lactase activity,1,0,0.0,1.0
4,Sncg_P30_CORT_MF,5,GO:0000026,"alpha-1,2-mannosyltransferase activity",4,0,0.0,1.0
0,Non_neuronal_P30_CORT_BP,1,GO:0099575,"regulation of protein catabolic process at presynapse, modul...",3,1,0.0,0.00068
1,Non_neuronal_P30_CORT_BP,2,GO:0035372,protein localization to microtubule,18,1,0.0,0.00405
2,Non_neuronal_P30_CORT_BP,3,GO:0007026,negative regulation of microtubule depolymerization,30,1,0.01,0.00675
3,Non_neuronal_P30_CORT_BP,4,GO:0043001,Golgi to plasma membrane protein transport,38,1,0.01,0.00854
4,Non_neuronal_P30_CORT_BP,5,GO:0035272,exocrine system development,40,1,0.01,0.00899
0,Non_neuronal_P30_CORT_CC,1,GO:0098993,anchored component of synaptic vesicle membrane,18,1,0.0,0.004
1,Non_neuronal_P30_CORT_CC,2,GO:0099513,polymeric cytoskeletal fiber,517,2,0.12,0.0044
2,Non_neuronal_P30_CORT_CC,3,GO:0030667,secretory granule membrane,61,1,0.01,0.0136
3,Non_neuronal_P30_CORT_CC,4,GO:0005881,cytoplasmic microtubule,70,1,0.02,0.0156
4,Non_neuronal_P30_CORT_CC,5,GO:0005884,actin filament,112,1,0.03,0.0249
0,Non_neuronal_P30_CORT_MF,1,GO:0019002,GMP binding,3,1,0.0,0.00068
1,Non_neuronal_P30_CORT_MF,2,GO:0008092,cytoskeletal protein binding,816,2,0.19,0.01102
2,Non_neuronal_P30_CORT_MF,3,GO:0051219,phosphoprotein binding,95,1,0.02,0.02147
3,Non_neuronal_P30_CORT_MF,4,GO:0051015,actin filament binding,170,1,0.04,0.03821
4,Non_neuronal_P30_CORT_MF,5,GO:0042802,identical protein binding,1751,2,0.4,0.04826
0,Oligo_P30_CORT_BP,1,GO:0000002,mitochondrial genome maintenance,25,0,0.0,1.0
1,Oligo_P30_CORT_BP,2,GO:0000003,reproduction,925,0,0.0,1.0
2,Oligo_P30_CORT_BP,3,GO:0000012,single strand break repair,11,0,0.0,1.0
3,Oligo_P30_CORT_BP,4,GO:0000018,regulation of DNA recombination,77,0,0.0,1.0
4,Oligo_P30_CORT_BP,5,GO:0000019,regulation of mitotic recombination,5,0,0.0,1.0
0,Oligo_P30_CORT_CC,1,GO:0000015,phosphopyruvate hydratase complex,5,0,0.0,1.0
1,Oligo_P30_CORT_CC,2,GO:0000109,nucleotide-excision repair complex,13,0,0.0,1.0
2,Oligo_P30_CORT_CC,3,GO:0000110,nucleotide-excision repair factor 1 complex,3,0,0.0,1.0
3,Oligo_P30_CORT_CC,4,GO:0000111,nucleotide-excision repair factor 2 complex,1,0,0.0,1.0
4,Oligo_P30_CORT_CC,5,GO:0000112,nucleotide-excision repair factor 3 complex,1,0,0.0,1.0
0,Oligo_P30_CORT_MF,1,GO:0000009,"alpha-1,6-mannosyltransferase activity",1,0,0.0,1.0
1,Oligo_P30_CORT_MF,2,GO:0000010,trans-hexaprenyltranstransferase activity,2,0,0.0,1.0
2,Oligo_P30_CORT_MF,3,GO:0000014,single-stranded DNA endodeoxyribonuclease activity,11,0,0.0,1.0
3,Oligo_P30_CORT_MF,4,GO:0000026,"alpha-1,2-mannosyltransferase activity",4,0,0.0,1.0
4,Oligo_P30_CORT_MF,5,GO:0000030,mannosyltransferase activity,24,0,0.0,1.0
0,Vip_P30_CORT_BP,1,GO:0071277,cellular response to calcium ion,69,3,0.06,2.6e-05
1,Vip_P30_CORT_BP,2,GO:1904322,cellular response to forskolin,13,2,0.01,5.5e-05
2,Vip_P30_CORT_BP,3,GO:0032793,positive regulation of CREB transcription factor activity,17,2,0.01,9.6e-05
3,Vip_P30_CORT_BP,4,GO:1902895,positive regulation of pri-miRNA transcription by RNA polyme...,35,2,0.03,0.00042
4,Vip_P30_CORT_BP,5,GO:0007616,long-term memory,36,2,0.03,0.00044
0,Vip_P30_CORT_CC,1,GO:0035976,transcription factor AP-1 complex,4,2,0.0,3.5e-06
1,Vip_P30_CORT_CC,2,GO:0030425,dendrite,661,6,0.53,5e-05
2,Vip_P30_CORT_CC,3,GO:0002199,zona pellucida receptor complex,8,1,0.01,0.0064
3,Vip_P30_CORT_CC,4,GO:0070578,RISC-loading complex,9,1,0.01,0.0072
4,Vip_P30_CORT_CC,5,GO:0005832,chaperonin-containing T-complex,9,1,0.01,0.0072
0,Vip_P30_CORT_MF,1,GO:0000979,RNA polymerase II core promoter sequence-specific DNA bindin...,18,2,0.02,0.00011
1,Vip_P30_CORT_MF,2,GO:0005515,protein binding,7019,12,6.25,0.00075
2,Vip_P30_CORT_MF,3,GO:0044729,hemi-methylated DNA-binding,2,1,0.0,0.00178
3,Vip_P30_CORT_MF,4,GO:0001228,"DNA-binding transcription activator activity, RNA polymerase...",324,3,0.29,0.00257
4,Vip_P30_CORT_MF,5,GO:0004525,ribonuclease III activity,3,1,0.0,0.00267
0,Lamp5_P30_CORT_BP,1,GO:0098759,cellular response to interleukin-8,1,1,0.0,0.00051
1,Lamp5_P30_CORT_BP,2,GO:0072303,positive regulation of glomerular metanephric mesangial cell...,1,1,0.0,0.00051
2,Lamp5_P30_CORT_BP,3,GO:0071506,cellular response to mycophenolic acid,2,1,0.0,0.00103
3,Lamp5_P30_CORT_BP,4,GO:0060086,circadian temperature homeostasis,3,1,0.0,0.00154
4,Lamp5_P30_CORT_BP,5,GO:2000182,regulation of progesterone biosynthetic process,3,1,0.0,0.00154
0,Lamp5_P30_CORT_CC,1,GO:0005881,cytoplasmic microtubule,69,1,0.04,0.035
1,Lamp5_P30_CORT_CC,2,GO:0044291,cell-cell contact zone,75,1,0.04,0.038
2,Lamp5_P30_CORT_CC,3,GO:0097730,non-motile cilium,117,1,0.06,0.058
3,Lamp5_P30_CORT_CC,4,GO:0005694,chromosome,912,2,0.47,0.075
4,Lamp5_P30_CORT_CC,5,GO:0030426,growth cone,199,1,0.1,0.098
0,Lamp5_P30_CORT_MF,1,GO:0044729,hemi-methylated DNA-binding,1,1,0.0,0.00052
1,Lamp5_P30_CORT_MF,2,GO:0010385,double-stranded methylated DNA binding,5,1,0.0,0.00259
2,Lamp5_P30_CORT_MF,3,GO:0004983,neuropeptide Y receptor activity,5,1,0.0,0.00259
3,Lamp5_P30_CORT_MF,4,GO:0008330,protein tyrosine/threonine phosphatase activity,11,1,0.01,0.0057
4,Lamp5_P30_CORT_MF,5,GO:0017017,MAP kinase tyrosine/serine/threonine phosphatase activity,12,1,0.01,0.00622
0,Astro_P30_CORT_BP,1,GO:0000002,mitochondrial genome maintenance,25,0,0.0,1.0
1,Astro_P30_CORT_BP,2,GO:0000003,reproduction,910,0,0.0,1.0
2,Astro_P30_CORT_BP,3,GO:0000012,single strand break repair,11,0,0.0,1.0
3,Astro_P30_CORT_BP,4,GO:0000018,regulation of DNA recombination,74,0,0.0,1.0
4,Astro_P30_CORT_BP,5,GO:0000019,regulation of mitotic recombination,6,0,0.0,1.0
0,Astro_P30_CORT_CC,1,GO:0000015,phosphopyruvate hydratase complex,4,0,0.0,1.0
1,Astro_P30_CORT_CC,2,GO:0000109,nucleotide-excision repair complex,13,0,0.0,1.0
2,Astro_P30_CORT_CC,3,GO:0000110,nucleotide-excision repair factor 1 complex,3,0,0.0,1.0
3,Astro_P30_CORT_CC,4,GO:0000111,nucleotide-excision repair factor 2 complex,1,0,0.0,1.0
4,Astro_P30_CORT_CC,5,GO:0000112,nucleotide-excision repair factor 3 complex,1,0,0.0,1.0
0,Astro_P30_CORT_MF,1,GO:0000009,"alpha-1,6-mannosyltransferase activity",1,0,0.0,1.0
1,Astro_P30_CORT_MF,2,GO:0000010,trans-hexaprenyltranstransferase activity,2,0,0.0,1.0
2,Astro_P30_CORT_MF,3,GO:0000014,single-stranded DNA endodeoxyribonuclease activity,11,0,0.0,1.0
3,Astro_P30_CORT_MF,4,GO:0000026,"alpha-1,2-mannosyltransferase activity",4,0,0.0,1.0
4,Astro_P30_CORT_MF,5,GO:0000030,mannosyltransferase activity,24,0,0.0,1.0
0,Peri_P30_CORT_BP,1,GO:0000002,mitochondrial genome maintenance,18,0,0.0,1.0
1,Peri_P30_CORT_BP,2,GO:0000003,reproduction,742,0,0.0,1.0
2,Peri_P30_CORT_BP,3,GO:0000012,single strand break repair,10,0,0.0,1.0
3,Peri_P30_CORT_BP,4,GO:0000018,regulation of DNA recombination,57,0,0.0,1.0
4,Peri_P30_CORT_BP,5,GO:0000019,regulation of mitotic recombination,5,0,0.0,1.0
0,Peri_P30_CORT_CC,1,GO:0000015,phosphopyruvate hydratase complex,3,0,0.0,1.0
1,Peri_P30_CORT_CC,2,GO:0000109,nucleotide-excision repair complex,11,0,0.0,1.0
2,Peri_P30_CORT_CC,3,GO:0000110,nucleotide-excision repair factor 1 complex,3,0,0.0,1.0
3,Peri_P30_CORT_CC,4,GO:0000111,nucleotide-excision repair factor 2 complex,1,0,0.0,1.0
4,Peri_P30_CORT_CC,5,GO:0000112,nucleotide-excision repair factor 3 complex,1,0,0.0,1.0
0,Peri_P30_CORT_MF,1,GO:0000009,"alpha-1,6-mannosyltransferase activity",1,0,0.0,1.0
1,Peri_P30_CORT_MF,2,GO:0000010,trans-hexaprenyltranstransferase activity,2,0,0.0,1.0
2,Peri_P30_CORT_MF,3,GO:0000014,single-stranded DNA endodeoxyribonuclease activity,11,0,0.0,1.0
3,Peri_P30_CORT_MF,4,GO:0000026,"alpha-1,2-mannosyltransferase activity",4,0,0.0,1.0
4,Peri_P30_CORT_MF,5,GO:0000030,mannosyltransferase activity,24,0,0.0,1.0
0,Endo_P30_CORT_BP,1,GO:0000002,mitochondrial genome maintenance,17,0,0.0,1.0
1,Endo_P30_CORT_BP,2,GO:0000003,reproduction,619,0,0.0,1.0
2,Endo_P30_CORT_BP,3,GO:0000012,single strand break repair,9,0,0.0,1.0
3,Endo_P30_CORT_BP,4,GO:0000018,regulation of DNA recombination,47,0,0.0,1.0
4,Endo_P30_CORT_BP,5,GO:0000019,regulation of mitotic recombination,5,0,0.0,1.0
0,Endo_P30_CORT_CC,1,GO:0000015,phosphopyruvate hydratase complex,2,0,0.0,1.0
1,Endo_P30_CORT_CC,2,GO:0000109,nucleotide-excision repair complex,11,0,0.0,1.0
2,Endo_P30_CORT_CC,3,GO:0000110,nucleotide-excision repair factor 1 complex,3,0,0.0,1.0
3,Endo_P30_CORT_CC,4,GO:0000111,nucleotide-excision repair factor 2 complex,1,0,0.0,1.0
4,Endo_P30_CORT_CC,5,GO:0000118,histone deacetylase complex,59,0,0.0,1.0
0,Endo_P30_CORT_MF,1,GO:0000009,"alpha-1,6-mannosyltransferase activity",1,0,0.0,1.0
1,Endo_P30_CORT_MF,2,GO:0000010,trans-hexaprenyltranstransferase activity,2,0,0.0,1.0
2,Endo_P30_CORT_MF,3,GO:0000014,single-stranded DNA endodeoxyribonuclease activity,9,0,0.0,1.0
3,Endo_P30_CORT_MF,4,GO:0000026,"alpha-1,2-mannosyltransferase activity",4,0,0.0,1.0
4,Endo_P30_CORT_MF,5,GO:0000030,mannosyltransferase activity,22,0,0.0,1.0
0,L2_3_IT_P60_CORT_BP,1,GO:0048172,regulation of short-term neuronal synaptic plasticity,20,10,1.51,5.4e-07
1,L2_3_IT_P60_CORT_BP,2,GO:0010976,positive regulation of neuron projection development,204,35,15.42,3.8e-06
2,L2_3_IT_P60_CORT_BP,3,GO:0007613,memory,135,31,10.21,9.6e-06
3,L2_3_IT_P60_CORT_BP,4,GO:0007156,homophilic cell adhesion via plasma membrane adhesion molecu...,91,20,6.88,1.2e-05
4,L2_3_IT_P60_CORT_BP,5,GO:0007409,axonogenesis,416,64,31.45,1.5e-05
0,L2_3_IT_P60_CORT_CC,1,GO:0098978,glutamatergic synapse,487,98,36.82,6.7e-19
1,L2_3_IT_P60_CORT_CC,2,GO:0014069,postsynaptic density,384,83,29.04,2e-16
2,L2_3_IT_P60_CORT_CC,3,GO:0043025,neuronal cell body,648,112,49.0,3.3e-13
3,L2_3_IT_P60_CORT_CC,4,GO:0030425,dendrite,666,128,50.36,8.7e-13
4,L2_3_IT_P60_CORT_CC,5,GO:0030426,growth cone,199,46,15.05,1.8e-09
0,L2_3_IT_P60_CORT_MF,1,GO:0044325,ion channel binding,122,26,9.3,1.3e-06
1,L2_3_IT_P60_CORT_MF,2,GO:0005509,calcium ion binding,461,64,35.12,1.8e-06
2,L2_3_IT_P60_CORT_MF,3,GO:0097110,scaffold protein binding,65,17,4.95,4.9e-06
3,L2_3_IT_P60_CORT_MF,4,GO:0019901,protein kinase binding,670,88,51.05,1.4e-05
4,L2_3_IT_P60_CORT_MF,5,GO:0005248,voltage-gated sodium channel activity,21,8,1.6,9.2e-05
0,L6_P60_CORT_BP,1,GO:0006695,cholesterol biosynthetic process,41,13,1.04,2e-10
1,L6_P60_CORT_BP,2,GO:0000188,inactivation of MAPK activity,18,5,0.45,6.5e-05
2,L6_P60_CORT_BP,3,GO:0048148,behavioral response to cocaine,19,5,0.48,8.7e-05
3,L6_P60_CORT_BP,4,GO:0007156,homophilic cell adhesion via plasma membrane adhesion molecu...,92,10,2.32,0.00011
4,L6_P60_CORT_BP,5,GO:0008090,retrograde axonal transport,23,5,0.58,0.00023
0,L6_P60_CORT_CC,1,GO:0030425,dendrite,673,46,17.11,1.6e-06
1,L6_P60_CORT_CC,2,GO:0098978,glutamatergic synapse,490,27,12.46,0.00014
2,L6_P60_CORT_CC,3,GO:0005833,hemoglobin complex,6,3,0.15,0.00031
3,L6_P60_CORT_CC,4,GO:0031838,haptoglobin-hemoglobin complex,6,3,0.15,0.00031
4,L6_P60_CORT_CC,5,GO:0048786,presynaptic active zone,89,9,2.26,0.00043
0,L6_P60_CORT_MF,1,GO:0005509,calcium ion binding,464,28,11.84,2.3e-05
1,L6_P60_CORT_MF,2,GO:0019901,protein kinase binding,676,33,17.25,0.00027
2,L6_P60_CORT_MF,3,GO:0031720,haptoglobin binding,6,3,0.15,0.00031
3,L6_P60_CORT_MF,4,GO:0031721,hemoglobin alpha binding,2,2,0.05,0.00065
4,L6_P60_CORT_MF,5,GO:0031722,hemoglobin beta binding,2,2,0.05,0.00065
0,Sst_P60_CORT_BP,1,GO:0071277,cellular response to calcium ion,70,9,1.67,4e-05
1,Sst_P60_CORT_BP,2,GO:0098900,regulation of action potential,47,7,1.12,0.00011
2,Sst_P60_CORT_BP,3,GO:0042493,response to drug,160,13,3.82,0.00012
3,Sst_P60_CORT_BP,4,GO:0007155,cell adhesion,1043,55,24.87,0.00013
4,Sst_P60_CORT_BP,5,GO:0010595,positive regulation of endothelial cell migration,88,9,2.1,0.00024
0,Sst_P60_CORT_CC,1,GO:0098978,glutamatergic synapse,485,35,11.73,7.4e-09
1,Sst_P60_CORT_CC,2,GO:0043025,neuronal cell body,636,46,15.39,1.7e-08
2,Sst_P60_CORT_CC,3,GO:0030424,axon,643,45,15.55,3.3e-06
3,Sst_P60_CORT_CC,4,GO:0005886,plasma membrane,3481,143,84.21,1.4e-05
4,Sst_P60_CORT_CC,5,GO:0030425,dendrite,660,40,15.97,6.1e-05
0,Sst_P60_CORT_MF,1,GO:0015459,potassium channel regulator activity,36,6,0.85,0.00018
1,Sst_P60_CORT_MF,2,GO:0019871,sodium channel inhibitor activity,7,3,0.17,0.00043
2,Sst_P60_CORT_MF,3,GO:0005516,calmodulin binding,162,12,3.84,0.00048
3,Sst_P60_CORT_MF,4,GO:0004351,glutamate decarboxylase activity,2,2,0.05,0.00056
4,Sst_P60_CORT_MF,5,GO:0008046,axon guidance receptor activity,9,3,0.21,0.001
0,L5_P60_CORT_BP,1,GO:0045956,positive regulation of calcium ion-dependent exocytosis,17,9,1.06,2.1e-07
1,L5_P60_CORT_BP,2,GO:0010976,positive regulation of neuron projection development,206,31,12.87,4.5e-06
2,L5_P60_CORT_BP,3,GO:0006695,cholesterol biosynthetic process,41,12,2.56,4.8e-06
3,L5_P60_CORT_BP,4,GO:0007156,homophilic cell adhesion via plasma membrane adhesion molecu...,90,18,5.62,9.3e-06
4,L5_P60_CORT_BP,5,GO:0090630,activation of GTPase activity,91,17,5.68,4.1e-05
0,L5_P60_CORT_CC,1,GO:0098978,glutamatergic synapse,487,85,30.43,2.2e-18
1,L5_P60_CORT_CC,2,GO:0030425,dendrite,669,108,41.81,9.9e-13
2,L5_P60_CORT_CC,3,GO:0043025,neuronal cell body,649,91,40.56,2.7e-12
3,L5_P60_CORT_CC,4,GO:0098982,GABA-ergic synapse,101,28,6.31,1.1e-11
4,L5_P60_CORT_CC,5,GO:0043197,dendritic spine,195,37,12.19,1e-09
0,L5_P60_CORT_MF,1,GO:0044325,ion channel binding,124,24,7.77,6.3e-07
1,L5_P60_CORT_MF,2,GO:0019904,protein domain specific binding,713,77,44.68,1.6e-06
2,L5_P60_CORT_MF,3,GO:0005516,calmodulin binding,168,26,10.53,1.7e-05
3,L5_P60_CORT_MF,4,GO:0016308,1-phosphatidylinositol-4-phosphate 5-kinase activity,8,5,0.5,4.6e-05
4,L5_P60_CORT_MF,5,GO:0031625,ubiquitin protein ligase binding,279,34,17.48,0.00015
0,L4_P60_CORT_BP,1,GO:0060080,inhibitory postsynaptic potential,18,5,0.23,2.5e-06
1,L4_P60_CORT_BP,2,GO:1900222,negative regulation of amyloid-beta clearance,7,3,0.09,7.1e-05
2,L4_P60_CORT_BP,3,GO:0097484,dendrite extension,39,5,0.5,0.00013
3,L4_P60_CORT_BP,4,GO:0006695,cholesterol biosynthetic process,40,5,0.51,0.00015
4,L4_P60_CORT_BP,5,GO:1901303,negative regulation of cargo loading into COPII-coated vesic...,2,2,0.03,0.00016
0,L4_P60_CORT_CC,1,GO:0030425,dendrite,661,26,8.42,2.8e-07
1,L4_P60_CORT_CC,2,GO:0043025,neuronal cell body,645,25,8.22,6.5e-07
2,L4_P60_CORT_CC,3,GO:0005794,Golgi apparatus,1247,32,15.89,9.6e-05
3,L4_P60_CORT_CC,4,GO:0014069,postsynaptic density,386,15,4.92,0.00013
4,L4_P60_CORT_CC,5,GO:0043005,neuron projection,1328,45,16.92,0.00032
0,L4_P60_CORT_MF,1,GO:0050839,cell adhesion molecule binding,235,11,2.97,0.0002
1,L4_P60_CORT_MF,2,GO:0005102,signaling receptor binding,1119,34,14.14,0.00052
2,L4_P60_CORT_MF,3,GO:0005184,neuropeptide hormone activity,15,3,0.19,0.00081
3,L4_P60_CORT_MF,4,GO:0031852,mu-type opioid receptor binding,4,2,0.05,0.00094
4,L4_P60_CORT_MF,5,GO:0000979,RNA polymerase II core promoter sequence-specific DNA bindin...,18,3,0.23,0.00141
0,Pvalb_P60_CORT_BP,1,GO:0086091,regulation of heart rate by cardiac conduction,28,2,0.05,0.00091
1,Pvalb_P60_CORT_BP,2,GO:1903512,phytanic acid metabolic process,1,1,0.0,0.00161
2,Pvalb_P60_CORT_BP,3,GO:0001552,ovarian follicle atresia,1,1,0.0,0.00161
3,Pvalb_P60_CORT_BP,4,GO:0043666,regulation of phosphoprotein phosphatase activity,48,2,0.08,0.00266
4,Pvalb_P60_CORT_BP,5,GO:1903660,negative regulation of complement-dependent cytotoxicity,2,1,0.0,0.00321
0,Pvalb_P60_CORT_CC,1,GO:0098685,Schaffer collateral - CA1 synapse,107,3,0.19,0.00093
1,Pvalb_P60_CORT_CC,2,GO:1990917,ooplasm,1,1,0.0,0.00182
2,Pvalb_P60_CORT_CC,3,GO:0150017,basal proximal dendrite,1,1,0.0,0.00182
3,Pvalb_P60_CORT_CC,4,GO:0005576,extracellular region,1155,7,2.1,0.00362
4,Pvalb_P60_CORT_CC,5,GO:0014701,junctional sarcoplasmic reticulum membrane,2,1,0.0,0.00364
0,Pvalb_P60_CORT_MF,1,GO:0042284,sphingolipid delta-4 desaturase activity,1,1,0.0,0.0018
1,Pvalb_P60_CORT_MF,2,GO:0050251,retinol isomerase activity,1,1,0.0,0.0018
2,Pvalb_P60_CORT_MF,3,GO:0017098,sulfonylurea receptor binding,2,1,0.0,0.0037
3,Pvalb_P60_CORT_MF,4,GO:0030272,5-formyltetrahydrofolate cyclo-ligase activity,2,1,0.0,0.0037
4,Pvalb_P60_CORT_MF,5,GO:0002135,CTP binding,2,1,0.0,0.0037
0,Sncg_P60_CORT_BP,1,GO:1902340,negative regulation of chromosome condensation,2,1,0.0,0.00032
1,Sncg_P60_CORT_BP,2,GO:0031509,subtelomeric heterochromatin assembly,3,1,0.0,0.00048
2,Sncg_P60_CORT_BP,3,GO:0090230,regulation of centromere complex assembly,4,1,0.0,0.00064
3,Sncg_P60_CORT_BP,4,GO:0031508,pericentric heterochromatin assembly,5,1,0.0,0.0008
4,Sncg_P60_CORT_BP,5,GO:0007566,embryo implantation,33,1,0.01,0.00524
0,Sncg_P60_CORT_CC,1,GO:0000786,nucleosome,16,1,0.0,0.0025
1,Sncg_P60_CORT_CC,2,GO:0000781,"chromosome, telomeric region",94,1,0.01,0.0148
2,Sncg_P60_CORT_CC,3,GO:0000228,nuclear chromosome,174,1,0.03,0.0274
3,Sncg_P60_CORT_CC,4,GO:0098687,chromosomal region,241,1,0.04,0.0378
4,Sncg_P60_CORT_CC,5,GO:0031981,nuclear lumen,3153,1,0.5,0.4371
0,Sncg_P60_CORT_MF,1,GO:0031492,nucleosomal DNA binding,7,1,0.0,0.0011
1,Sncg_P60_CORT_MF,2,GO:0000979,RNA polymerase II core promoter sequence-specific DNA bindin...,18,1,0.0,0.0029
2,Sncg_P60_CORT_MF,3,GO:0004715,non-membrane spanning protein tyrosine kinase activity,25,1,0.0,0.004
3,Sncg_P60_CORT_MF,4,GO:0000978,RNA polymerase II cis-regulatory region sequence-specific DN...,754,1,0.12,0.1175
4,Sncg_P60_CORT_MF,5,GO:0000987,cis-regulatory region sequence-specific DNA binding,768,1,0.12,0.1196
0,Non_neuronal_P60_CORT_BP,1,GO:0006012,galactose metabolic process,8,1,0.0,0.0024
1,Non_neuronal_P60_CORT_BP,2,GO:0046835,carbohydrate phosphorylation,14,1,0.0,0.0041
2,Non_neuronal_P60_CORT_BP,3,GO:0035987,endodermal cell differentiation,16,1,0.0,0.0047
3,Non_neuronal_P60_CORT_BP,4,GO:1902430,negative regulation of amyloid-beta formation,19,1,0.01,0.0056
4,Non_neuronal_P60_CORT_BP,5,GO:0010954,positive regulation of protein processing,20,1,0.01,0.0059
0,Non_neuronal_P60_CORT_CC,1,GO:0005595,collagen type XII trimer,1,1,0.0,0.00037
1,Non_neuronal_P60_CORT_CC,2,GO:0005833,hemoglobin complex,6,1,0.0,0.00221
2,Non_neuronal_P60_CORT_CC,3,GO:0031838,haptoglobin-hemoglobin complex,6,1,0.0,0.00221
3,Non_neuronal_P60_CORT_CC,4,GO:0005576,extracellular region,1159,3,0.43,0.00543
4,Non_neuronal_P60_CORT_CC,5,GO:0005615,extracellular space,744,2,0.27,0.02682
0,Non_neuronal_P60_CORT_MF,1,GO:0033858,N-acetylgalactosamine kinase activity,1,1,0.0,0.0003
1,Non_neuronal_P60_CORT_MF,2,GO:0004335,galactokinase activity,2,1,0.0,0.0006
2,Non_neuronal_P60_CORT_MF,3,GO:0031721,hemoglobin alpha binding,2,1,0.0,0.0006
3,Non_neuronal_P60_CORT_MF,4,GO:0031722,hemoglobin beta binding,2,1,0.0,0.0006
4,Non_neuronal_P60_CORT_MF,5,GO:0005534,galactose binding,5,1,0.0,0.0015
0,Oligo_P60_CORT_BP,1,GO:0071911,synchronous neurotransmitter secretion,1,1,0.0,0.00031
1,Oligo_P60_CORT_BP,2,GO:0098746,"fast, calcium ion-dependent exocytosis of neurotransmitter",1,1,0.0,0.00031
2,Oligo_P60_CORT_BP,3,GO:1903235,positive regulation of calcium ion-dependent exocytosis of n...,1,1,0.0,0.00031
3,Oligo_P60_CORT_BP,4,GO:1903281,positive regulation of calcium:sodium antiporter activity,2,1,0.0,0.00061
4,Oligo_P60_CORT_BP,5,GO:1903408,positive regulation of sodium:potassium-exchanging ATPase ac...,2,1,0.0,0.00061
0,Oligo_P60_CORT_CC,1,GO:0098686,hippocampal mossy fiber to CA3 synapse,47,2,0.01,7.6e-05
1,Oligo_P60_CORT_CC,2,GO:0044306,neuron projection terminus,173,2,0.05,0.001
2,Oligo_P60_CORT_CC,3,GO:0042734,presynaptic membrane,174,2,0.05,0.001
3,Oligo_P60_CORT_CC,4,GO:0044307,dendritic branch,5,1,0.0,0.0015
4,Oligo_P60_CORT_CC,5,GO:0008021,synaptic vesicle,219,2,0.07,0.0016
0,Oligo_P60_CORT_MF,1,GO:0030348,syntaxin-3 binding,3,1,0.0,0.00093
1,Oligo_P60_CORT_MF,2,GO:0061891,calcium ion sensor activity,3,1,0.0,0.00093
2,Oligo_P60_CORT_MF,3,GO:0099583,neurotransmitter receptor activity involved in regulation of...,4,1,0.0,0.00124
3,Oligo_P60_CORT_MF,4,GO:0031749,D2 dopamine receptor binding,5,1,0.0,0.00155
4,Oligo_P60_CORT_MF,5,GO:0022849,glutamate-gated calcium ion channel activity,5,1,0.0,0.00155
0,Vip_P60_CORT_BP,1,GO:1902473,regulation of protein localization to synapse,29,2,0.05,0.00091
1,Vip_P60_CORT_BP,2,GO:0006540,glutamate decarboxylation to succinate,1,1,0.0,0.00156
2,Vip_P60_CORT_BP,3,GO:2000195,negative regulation of female gonad development,1,1,0.0,0.00156
3,Vip_P60_CORT_BP,4,GO:0072560,type B pancreatic cell maturation,1,1,0.0,0.00156
4,Vip_P60_CORT_BP,5,GO:0033488,"cholesterol biosynthetic process via 24,25-dihydrolanosterol",1,1,0.0,0.00156
0,Vip_P60_CORT_CC,1,GO:0098978,glutamatergic synapse,488,5,0.83,0.0012
1,Vip_P60_CORT_CC,2,GO:0098984,neuron to neuron synapse,415,6,0.7,0.0018
2,Vip_P60_CORT_CC,3,GO:0061202,clathrin-sculpted gamma-aminobutyric acid transport vesicle ...,2,1,0.0,0.0034
3,Vip_P60_CORT_CC,4,GO:0030424,axon,649,5,1.1,0.0041
4,Vip_P60_CORT_CC,5,GO:0099061,integral component of postsynaptic density membrane,70,2,0.12,0.0062
0,Vip_P60_CORT_MF,1,GO:0016595,glutamate binding,13,2,0.02,0.00022
1,Vip_P60_CORT_MF,2,GO:0000979,RNA polymerase II core promoter sequence-specific DNA bindin...,18,2,0.03,0.00043
2,Vip_P60_CORT_MF,3,GO:0008398,sterol 14-demethylase activity,1,1,0.0,0.00172
3,Vip_P60_CORT_MF,4,GO:0004506,squalene monooxygenase activity,1,1,0.0,0.00172
4,Vip_P60_CORT_MF,5,GO:0044877,protein-containing complex binding,1207,7,2.08,0.00324
0,Lamp5_P60_CORT_BP,1,GO:0048245,eosinophil chemotaxis,4,2,0.0,2.4e-06
1,Lamp5_P60_CORT_BP,2,GO:1904803,regulation of translation involved in cellular response to U...,1,1,0.0,0.00067
2,Lamp5_P60_CORT_BP,3,GO:0110077,vesicle-mediated intercellular transport,1,1,0.0,0.00067
3,Lamp5_P60_CORT_BP,4,GO:1900450,negative regulation of glutamate receptor signaling pathway,1,1,0.0,0.00067
4,Lamp5_P60_CORT_BP,5,GO:0051041,positive regulation of calcium-independent cell-cell adhesio...,1,1,0.0,0.00067
0,Lamp5_P60_CORT_CC,1,GO:0098992,neuronal dense core vesicle,16,2,0.01,4.7e-05
1,Lamp5_P60_CORT_CC,2,GO:0043195,terminal bouton,72,2,0.05,0.00098
2,Lamp5_P60_CORT_CC,3,GO:1990071,TRAPPII protein complex,2,1,0.0,0.00133
3,Lamp5_P60_CORT_CC,4,GO:0005576,extracellular region,1149,4,0.76,0.00455
4,Lamp5_P60_CORT_CC,5,GO:0071598,neuronal ribonucleoprotein granule,8,1,0.01,0.00529
0,Lamp5_P60_CORT_MF,1,GO:0042056,chemoattractant activity,19,2,0.01,6.8e-05
1,Lamp5_P60_CORT_MF,2,GO:0045237,CXCR1 chemokine receptor binding,1,1,0.0,0.00067
2,Lamp5_P60_CORT_MF,3,GO:0031841,neuropeptide Y receptor binding,1,1,0.0,0.00067
3,Lamp5_P60_CORT_MF,4,GO:0031737,CX3C chemokine receptor binding,1,1,0.0,0.00067
4,Lamp5_P60_CORT_MF,5,GO:0008009,chemokine activity,10,1,0.01,0.00671
0,Astro_P60_CORT_BP,1,GO:1902722,positive regulation of prolactin secretion,2,1,0.0,0.00016
1,Astro_P60_CORT_BP,2,GO:0010750,positive regulation of nitric oxide mediated signal transduc...,3,1,0.0,0.00024
2,Astro_P60_CORT_BP,3,GO:1900020,positive regulation of protein kinase C activity,7,1,0.0,0.00055
3,Astro_P60_CORT_BP,4,GO:0070141,response to UV-A,7,1,0.0,0.00055
4,Astro_P60_CORT_BP,5,GO:0070257,positive regulation of mucus secretion,8,1,0.0,0.00063
0,Astro_P60_CORT_CC,1,GO:0097489,"multivesicular body, internal vesicle lumen",1,1,0.0,7.8e-05
1,Astro_P60_CORT_CC,2,GO:0031901,early endosome membrane,58,1,0.0,0.0045
2,Astro_P60_CORT_CC,3,GO:0030139,endocytic vesicle,157,1,0.01,0.0123
3,Astro_P60_CORT_CC,4,GO:0016323,basolateral plasma membrane,157,1,0.01,0.0123
4,Astro_P60_CORT_CC,5,GO:0009925,basal plasma membrane,179,1,0.01,0.014
0,Astro_P60_CORT_MF,1,GO:0005006,epidermal growth factor-activated receptor activity,3,1,0.0,0.00024
1,Astro_P60_CORT_MF,2,GO:0048408,epidermal growth factor binding,3,1,0.0,0.00024
2,Astro_P60_CORT_MF,3,GO:0030235,nitric-oxide synthase regulator activity,8,1,0.0,0.00064
3,Astro_P60_CORT_MF,4,GO:0005178,integrin binding,84,1,0.01,0.00669
4,Astro_P60_CORT_MF,5,GO:0019903,protein phosphatase binding,151,1,0.01,0.01202
0,Peri_P60_CORT_BP,1,GO:0000002,mitochondrial genome maintenance,25,0,0.0,1.0
1,Peri_P60_CORT_BP,2,GO:0000003,reproduction,784,0,0.0,1.0
2,Peri_P60_CORT_BP,3,GO:0000012,single strand break repair,11,0,0.0,1.0
3,Peri_P60_CORT_BP,4,GO:0000018,regulation of DNA recombination,66,0,0.0,1.0
4,Peri_P60_CORT_BP,5,GO:0000019,regulation of mitotic recombination,5,0,0.0,1.0
0,Peri_P60_CORT_CC,1,GO:0000015,phosphopyruvate hydratase complex,3,0,0.0,1.0
1,Peri_P60_CORT_CC,2,GO:0000109,nucleotide-excision repair complex,12,0,0.0,1.0
2,Peri_P60_CORT_CC,3,GO:0000110,nucleotide-excision repair factor 1 complex,3,0,0.0,1.0
3,Peri_P60_CORT_CC,4,GO:0000111,nucleotide-excision repair factor 2 complex,1,0,0.0,1.0
4,Peri_P60_CORT_CC,5,GO:0000112,nucleotide-excision repair factor 3 complex,1,0,0.0,1.0
0,Peri_P60_CORT_MF,1,GO:0000009,"alpha-1,6-mannosyltransferase activity",1,0,0.0,1.0
1,Peri_P60_CORT_MF,2,GO:0000010,trans-hexaprenyltranstransferase activity,2,0,0.0,1.0
2,Peri_P60_CORT_MF,3,GO:0000014,single-stranded DNA endodeoxyribonuclease activity,11,0,0.0,1.0
3,Peri_P60_CORT_MF,4,GO:0000016,lactase activity,1,0,0.0,1.0
4,Peri_P60_CORT_MF,5,GO:0000026,"alpha-1,2-mannosyltransferase activity",4,0,0.0,1.0
0,Endo_P60_CORT_BP,1,GO:0007286,spermatid development,90,3,0.11,0.00015
1,Endo_P60_CORT_BP,2,GO:1900135,positive regulation of renin secretion into blood stream,1,1,0.0,0.00121
2,Endo_P60_CORT_BP,3,GO:0046878,positive regulation of saliva secretion,1,1,0.0,0.00121
3,Endo_P60_CORT_BP,4,GO:1905665,positive regulation of calcium ion import across plasma memb...,1,1,0.0,0.00121
4,Endo_P60_CORT_BP,5,GO:0003061,positive regulation of the force of heart contraction by nor...,1,1,0.0,0.00121
0,Endo_P60_CORT_CC,1,GO:0016604,nuclear body,572,4,0.69,0.0038
1,Endo_P60_CORT_CC,2,GO:0005964,phosphorylase kinase complex,4,1,0.0,0.0048
2,Endo_P60_CORT_CC,3,GO:0071010,prespliceosome,15,1,0.02,0.0179
3,Endo_P60_CORT_CC,4,GO:0071004,U2-type prespliceosome,15,1,0.02,0.0179
4,Endo_P60_CORT_CC,5,GO:0005686,U2 snRNP,20,1,0.02,0.0238
0,Endo_P60_CORT_MF,1,GO:0004940,beta1-adrenergic receptor activity,1,1,0.0,0.0012
1,Endo_P60_CORT_MF,2,GO:1990841,promoter-specific chromatin binding,48,2,0.06,0.0015
2,Endo_P60_CORT_MF,3,GO:0099579,G protein-coupled neurotransmitter receptor activity involve...,2,1,0.0,0.0024
3,Endo_P60_CORT_MF,4,GO:0046790,virion binding,4,1,0.0,0.0049
4,Endo_P60_CORT_MF,5,GO:0031694,alpha-2A adrenergic receptor binding,4,1,0.0,0.0049
0,L2_3_IT_P120_CORT_BP,1,GO:0001764,neuron migration,167,53,27.12,4.7e-07
1,L2_3_IT_P120_CORT_BP,2,GO:0048025,"negative regulation of mRNA splicing, via spliceosome",23,13,3.74,1.2e-05
2,L2_3_IT_P120_CORT_BP,3,GO:0097119,postsynaptic density protein 95 clustering,10,8,1.62,1.6e-05
3,L2_3_IT_P120_CORT_BP,4,GO:0061003,positive regulation of dendritic spine morphogenesis,27,14,4.38,2.1e-05
4,L2_3_IT_P120_CORT_BP,5,GO:0071277,cellular response to calcium ion,68,25,11.04,3.3e-05
0,L2_3_IT_P120_CORT_CC,1,GO:0022625,cytosolic large ribosomal subunit,53,34,8.64,6.4e-15
1,L2_3_IT_P120_CORT_CC,2,GO:0014069,postsynaptic density,384,117,62.63,1.4e-09
2,L2_3_IT_P120_CORT_CC,3,GO:0098978,glutamatergic synapse,491,130,80.08,4e-09
3,L2_3_IT_P120_CORT_CC,4,GO:0030424,axon,661,175,107.81,1e-07
4,L2_3_IT_P120_CORT_CC,5,GO:0043209,myelin sheath,198,62,32.29,1.1e-07
0,L2_3_IT_P120_CORT_MF,1,GO:0003735,structural constituent of ribosome,149,71,23.96,1.4e-19
1,L2_3_IT_P120_CORT_MF,2,GO:0003729,mRNA binding,274,73,44.07,4.8e-06
2,L2_3_IT_P120_CORT_MF,3,GO:0031490,chromatin DNA binding,69,22,11.1,0.00084
3,L2_3_IT_P120_CORT_MF,4,GO:0005515,protein binding,7250,1270,1165.99,0.00087
4,L2_3_IT_P120_CORT_MF,5,GO:0051117,ATPase binding,92,27,14.8,0.00098
0,L6_P120_CORT_BP,1,GO:0002181,cytoplasmic translation,85,36,14.17,1.9e-08
1,L6_P120_CORT_BP,2,GO:0001764,neuron migration,168,49,28.0,3.5e-05
2,L6_P120_CORT_BP,3,GO:0099560,synaptic membrane adhesion,32,15,5.33,6.7e-05
3,L6_P120_CORT_BP,4,GO:0006412,translation,539,153,89.83,0.00017
4,L6_P120_CORT_BP,5,GO:0050821,protein stabilization,165,46,27.5,0.00019
0,L6_P120_CORT_CC,1,GO:0022625,cytosolic large ribosomal subunit,53,38,8.87,1.1e-18
1,L6_P120_CORT_CC,2,GO:0022627,cytosolic small ribosomal subunit,44,28,7.36,4.1e-12
2,L6_P120_CORT_CC,3,GO:0014069,postsynaptic density,386,114,64.6,3.4e-09
3,L6_P120_CORT_CC,4,GO:0043209,myelin sheath,200,67,33.47,4.5e-09
4,L6_P120_CORT_CC,5,GO:0045202,synapse,1338,355,223.92,1.3e-08
0,L6_P120_CORT_MF,1,GO:0003735,structural constituent of ribosome,149,76,24.55,1.7000000000000002e-22
1,L6_P120_CORT_MF,2,GO:0003729,mRNA binding,274,85,45.14,3e-07
2,L6_P120_CORT_MF,3,GO:0031625,ubiquitin protein ligase binding,282,77,46.46,2.5e-06
3,L6_P120_CORT_MF,4,GO:0099106,ion channel regulator activity,93,30,15.32,0.00013
4,L6_P120_CORT_MF,5,GO:0019904,protein domain specific binding,712,165,117.31,0.00014
0,Sst_P120_CORT_BP,1,GO:0099560,synaptic membrane adhesion,32,10,2.3,5.3e-05
1,Sst_P120_CORT_BP,2,GO:0007215,glutamate receptor signaling pathway,44,11,3.17,0.00021
2,Sst_P120_CORT_BP,3,GO:0045454,cell redox homeostasis,54,12,3.89,0.00037
3,Sst_P120_CORT_BP,4,GO:0008038,neuron recognition,49,11,3.53,0.00059
4,Sst_P120_CORT_BP,5,GO:0001662,behavioral fear response,49,11,3.53,0.00059
0,Sst_P120_CORT_CC,1,GO:0043209,myelin sheath,198,43,14.33,4.9e-11
1,Sst_P120_CORT_CC,2,GO:0098978,glutamatergic synapse,493,71,35.69,1.5e-08
2,Sst_P120_CORT_CC,3,GO:0022625,cytosolic large ribosomal subunit,53,16,3.84,5.8e-07
3,Sst_P120_CORT_CC,4,GO:0098982,GABA-ergic synapse,101,22,7.31,2.5e-06
4,Sst_P120_CORT_CC,5,GO:0099055,integral component of postsynaptic membrane,156,32,11.29,8.5e-06
0,Sst_P120_CORT_MF,1,GO:0003735,structural constituent of ribosome,149,38,10.62,2.5e-12
1,Sst_P120_CORT_MF,2,GO:0031625,ubiquitin protein ligase binding,280,38,19.96,9.3e-05
2,Sst_P120_CORT_MF,3,GO:0001671,ATPase activator activity,24,8,1.71,0.00017
3,Sst_P120_CORT_MF,4,GO:0004890,GABA-A receptor activity,15,6,1.07,0.00037
4,Sst_P120_CORT_MF,5,GO:0031628,opioid receptor binding,8,4,0.57,0.00142
0,L5_P120_CORT_BP,1,GO:0006412,translation,539,160,94.36,8.4e-09
1,L5_P120_CORT_BP,2,GO:0002181,cytoplasmic translation,85,33,14.88,2.6e-06
2,L5_P120_CORT_BP,3,GO:0006457,protein folding,142,47,24.86,4.7e-06
3,L5_P120_CORT_BP,4,GO:0001764,neuron migration,166,50,29.06,4.3e-05
4,L5_P120_CORT_BP,5,GO:0071277,cellular response to calcium ion,71,26,12.43,9.4e-05
0,L5_P120_CORT_CC,1,GO:0022625,cytosolic large ribosomal subunit,53,38,9.31,6.1e-18
1,L5_P120_CORT_CC,2,GO:0022627,cytosolic small ribosomal subunit,44,31,7.73,1.6e-14
2,L5_P120_CORT_CC,3,GO:0043209,myelin sheath,200,76,35.13,4.4e-12
3,L5_P120_CORT_CC,4,GO:0045202,synapse,1338,380,235.05,3.6e-10
4,L5_P120_CORT_CC,5,GO:0098978,glutamatergic synapse,493,140,86.61,1e-09
0,L5_P120_CORT_MF,1,GO:0003735,structural constituent of ribosome,149,86,25.83,8.2e-29
1,L5_P120_CORT_MF,2,GO:0003729,mRNA binding,274,81,47.49,8.6e-06
2,L5_P120_CORT_MF,3,GO:0005515,protein binding,7311,1413,1267.22,2.8e-05
3,L5_P120_CORT_MF,4,GO:0005525,GTP binding,295,78,51.13,5e-05
4,L5_P120_CORT_MF,5,GO:0051082,unfolded protein binding,81,28,14.04,0.00014
0,L4_P120_CORT_BP,1,GO:0051966,"regulation of synaptic transmission, glutamatergic",69,12,2.51,6.2e-06
1,L4_P120_CORT_BP,2,GO:0071277,cellular response to calcium ion,70,11,2.55,4.1e-05
2,L4_P120_CORT_BP,3,GO:0007409,axonogenesis,413,36,15.02,5.6e-05
3,L4_P120_CORT_BP,4,GO:1905323,telomerase holoenzyme complex assembly,6,3,0.22,0.00088
4,L4_P120_CORT_BP,5,GO:0097374,sensory neuron axon guidance,2,2,0.07,0.00132
0,L4_P120_CORT_CC,1,GO:0043209,myelin sheath,195,23,7.15,7.6e-07
1,L4_P120_CORT_CC,2,GO:0098978,glutamatergic synapse,488,39,17.89,4.1e-06
2,L4_P120_CORT_CC,3,GO:0022625,cytosolic large ribosomal subunit,52,10,1.91,1.6e-05
3,L4_P120_CORT_CC,4,GO:0045202,synapse,1319,100,48.35,1.9e-05
4,L4_P120_CORT_CC,5,GO:0030424,axon,657,54,24.08,5.4e-05
0,L4_P120_CORT_MF,1,GO:0003735,structural constituent of ribosome,148,23,5.34,3.1e-09
1,L4_P120_CORT_MF,2,GO:0030550,acetylcholine receptor inhibitor activity,5,3,0.18,0.00044
2,L4_P120_CORT_MF,3,GO:0044325,ion channel binding,125,13,4.51,0.00057
3,L4_P120_CORT_MF,4,GO:0008379,thioredoxin peroxidase activity,6,3,0.22,0.00086
4,L4_P120_CORT_MF,5,GO:0033130,acetylcholine receptor binding,13,4,0.47,0.00092
0,Pvalb_P120_CORT_BP,1,GO:0048488,synaptic vesicle endocytosis,64,12,2.8,1.8e-05
1,Pvalb_P120_CORT_BP,2,GO:0006412,translation,537,44,23.52,4.7e-05
2,Pvalb_P120_CORT_BP,3,GO:0047497,mitochondrion transport along microtubule,21,6,0.92,0.00021
3,Pvalb_P120_CORT_BP,4,GO:0007007,inner mitochondrial membrane organization,31,7,1.36,0.00031
4,Pvalb_P120_CORT_BP,5,GO:0044571,[2Fe-2S] cluster assembly,4,3,0.18,0.00032
0,Pvalb_P120_CORT_CC,1,GO:0043209,myelin sheath,196,37,8.62,3.8e-14
1,Pvalb_P120_CORT_CC,2,GO:0005762,mitochondrial large ribosomal subunit,58,13,2.55,1e-06
2,Pvalb_P120_CORT_CC,3,GO:0030426,growth cone,201,22,8.84,7.6e-05
3,Pvalb_P120_CORT_CC,4,GO:0022625,cytosolic large ribosomal subunit,53,10,2.33,8.8e-05
4,Pvalb_P120_CORT_CC,5,GO:0098978,glutamatergic synapse,490,39,21.54,0.00025
0,Pvalb_P120_CORT_MF,1,GO:0003735,structural constituent of ribosome,149,28,6.45,3.9e-11
1,Pvalb_P120_CORT_MF,2,GO:0001671,ATPase activator activity,24,8,1.04,4.7e-06
2,Pvalb_P120_CORT_MF,3,GO:0050998,nitric-oxide synthase binding,20,6,0.87,0.00015
3,Pvalb_P120_CORT_MF,4,GO:0004866,endopeptidase inhibitor activity,76,11,3.29,0.0004
4,Pvalb_P120_CORT_MF,5,GO:0036002,pre-mRNA binding,34,7,1.47,0.00053
0,Sncg_P120_CORT_BP,1,GO:0150111,regulation of transepithelial transport,2,2,0.0,2.3e-06
1,Sncg_P120_CORT_BP,2,GO:0048488,synaptic vesicle endocytosis,62,3,0.1,0.00012
2,Sncg_P120_CORT_BP,3,GO:0048024,"regulation of mRNA splicing, via spliceosome",93,3,0.15,0.00038
3,Sncg_P120_CORT_BP,4,GO:0072749,cellular response to cytochalasin B,1,1,0.0,0.00156
4,Sncg_P120_CORT_BP,5,GO:0051621,regulation of norepinephrine uptake,2,1,0.0,0.00312
0,Sncg_P120_CORT_CC,1,GO:0043209,myelin sheath,191,5,0.31,1.1e-05
1,Sncg_P120_CORT_CC,2,GO:0098871,postsynaptic actin cytoskeleton,14,2,0.02,0.00023
2,Sncg_P120_CORT_CC,3,GO:0044305,calyx of Held,27,2,0.04,0.00087
3,Sncg_P120_CORT_CC,4,GO:0120220,basal body patch,1,1,0.0,0.00164
4,Sncg_P120_CORT_CC,5,GO:0099143,presynaptic actin cytoskeleton,1,1,0.0,0.00164
0,Sncg_P120_CORT_MF,1,GO:0098973,structural constituent of postsynaptic actin cytoskeleton,4,2,0.01,1.6e-05
1,Sncg_P120_CORT_MF,2,GO:0050998,nitric-oxide synthase binding,18,2,0.03,0.0004
2,Sncg_P120_CORT_MF,3,GO:0019799,tubulin N-acetyltransferase activity,1,1,0.0,0.0017
3,Sncg_P120_CORT_MF,4,GO:0043530,adenosine 5'-monophosphoramidase activity,2,1,0.0,0.0033
4,Sncg_P120_CORT_MF,5,GO:0008073,ornithine decarboxylase inhibitor activity,2,1,0.0,0.0033
0,Non_neuronal_P120_CORT_BP,1,GO:0034766,negative regulation of ion transmembrane transport,99,5,0.71,0.0007
1,Non_neuronal_P120_CORT_BP,2,GO:0048024,"regulation of mRNA splicing, via spliceosome",93,6,0.66,0.0023
2,Non_neuronal_P120_CORT_BP,3,GO:0006338,chromatin remodeling,139,5,0.99,0.0031
3,Non_neuronal_P120_CORT_BP,4,GO:0045176,apical protein localization,12,2,0.09,0.0032
4,Non_neuronal_P120_CORT_BP,5,GO:0006406,mRNA export from nucleus,45,3,0.32,0.004
0,Non_neuronal_P120_CORT_CC,1,GO:0005634,nucleus,5595,57,39.75,0.0033
1,Non_neuronal_P120_CORT_CC,2,GO:0045202,synapse,1296,18,9.21,0.0041
2,Non_neuronal_P120_CORT_CC,3,GO:0016604,nuclear body,622,11,4.42,0.0045
3,Non_neuronal_P120_CORT_CC,4,GO:0033177,"proton-transporting two-sector ATPase complex, proton-transp...",15,2,0.11,0.0049
4,Non_neuronal_P120_CORT_CC,5,GO:0016471,vacuolar proton-transporting V-type ATPase complex,15,2,0.11,0.0049
0,Non_neuronal_P120_CORT_MF,1,GO:0050998,nitric-oxide synthase binding,19,3,0.13,0.0003
1,Non_neuronal_P120_CORT_MF,2,GO:0016922,nuclear receptor binding,99,5,0.7,0.00066
2,Non_neuronal_P120_CORT_MF,3,GO:0044325,ion channel binding,123,5,0.87,0.00176
3,Non_neuronal_P120_CORT_MF,4,GO:0098505,G-rich strand telomeric DNA binding,10,2,0.07,0.00213
4,Non_neuronal_P120_CORT_MF,5,GO:0051428,peptide hormone receptor binding,11,2,0.08,0.0026
0,Oligo_P120_CORT_BP,1,GO:0032272,negative regulation of protein polymerization,62,2,0.03,0.00026
1,Oligo_P120_CORT_BP,2,GO:0090024,negative regulation of neutrophil chemotaxis,1,1,0.0,0.00042
2,Oligo_P120_CORT_BP,3,GO:0021972,corticospinal neuron axon guidance through spinal cord,1,1,0.0,0.00042
3,Oligo_P120_CORT_BP,4,GO:0090260,negative regulation of retinal ganglion cell axon guidance,1,1,0.0,0.00042
4,Oligo_P120_CORT_BP,5,GO:0050929,induction of negative chemotaxis,1,1,0.0,0.00042
0,Oligo_P120_CORT_CC,1,GO:0005741,mitochondrial outer membrane,145,2,0.06,0.0014
1,Oligo_P120_CORT_CC,2,GO:0043209,myelin sheath,191,2,0.08,0.0024
2,Oligo_P120_CORT_CC,3,GO:0045121,membrane raft,277,2,0.11,0.005
3,Oligo_P120_CORT_CC,4,GO:0046930,pore complex,16,1,0.01,0.0066
4,Oligo_P120_CORT_CC,5,GO:0005743,mitochondrial inner membrane,357,2,0.15,0.0082
0,Oligo_P120_CORT_MF,1,GO:0043237,laminin-1 binding,4,1,0.0,0.0017
1,Oligo_P120_CORT_MF,2,GO:0005095,GTPase inhibitor activity,5,1,0.0,0.0021
2,Oligo_P120_CORT_MF,3,GO:0015288,porin activity,5,1,0.0,0.0021
3,Oligo_P120_CORT_MF,4,GO:0048495,Roundabout binding,9,1,0.0,0.0038
4,Oligo_P120_CORT_MF,5,GO:0043395,heparan sulfate proteoglycan binding,12,1,0.01,0.005
0,Vip_P120_CORT_BP,1,GO:0048488,synaptic vesicle endocytosis,64,13,3.13,1e-05
1,Vip_P120_CORT_BP,2,GO:0047497,mitochondrion transport along microtubule,21,7,1.03,4.1e-05
2,Vip_P120_CORT_BP,3,GO:0006412,translation,536,51,26.18,0.0003
3,Vip_P120_CORT_BP,4,GO:0050806,positive regulation of synaptic transmission,178,20,8.69,0.00044
4,Vip_P120_CORT_BP,5,GO:0015986,ATP synthesis coupled proton transport,15,5,0.73,0.00055
0,Vip_P120_CORT_CC,1,GO:0022625,cytosolic large ribosomal subunit,52,17,2.56,2.1e-10
1,Vip_P120_CORT_CC,2,GO:0022627,cytosolic small ribosomal subunit,44,13,2.17,1.1e-07
2,Vip_P120_CORT_CC,3,GO:0043209,myelin sheath,198,29,9.74,1.3e-07
3,Vip_P120_CORT_CC,4,GO:0033179,"proton-transporting V-type ATPase, V0 domain",7,4,0.34,0.00018
4,Vip_P120_CORT_CC,5,GO:1904115,axon cytoplasm,7,4,0.34,0.00018
0,Vip_P120_CORT_MF,1,GO:0003735,structural constituent of ribosome,148,36,7.17,3.8e-16
1,Vip_P120_CORT_MF,2,GO:0001671,ATPase activator activity,24,8,1.16,1.1e-05
2,Vip_P120_CORT_MF,3,GO:0046961,"proton-transporting ATPase activity, rotational mechanism",19,6,0.92,0.0002
3,Vip_P120_CORT_MF,4,GO:0033130,acetylcholine receptor binding,13,5,0.63,0.00024
4,Vip_P120_CORT_MF,5,GO:0019843,rRNA binding,67,11,3.25,0.00034
0,Lamp5_P120_CORT_BP,1,GO:0048488,synaptic vesicle endocytosis,62,13,3.11,9.7e-06
1,Lamp5_P120_CORT_BP,2,GO:1902430,negative regulation of amyloid-beta formation,19,6,0.95,0.00024
2,Lamp5_P120_CORT_BP,3,GO:0047497,mitochondrion transport along microtubule,21,6,1.05,0.00044
3,Lamp5_P120_CORT_BP,4,GO:0006616,"SRP-dependent cotranslational protein targeting to membrane,...",9,4,0.45,0.00065
4,Lamp5_P120_CORT_BP,5,GO:0010638,positive regulation of organelle organization,506,49,25.38,0.00116
0,Lamp5_P120_CORT_CC,1,GO:0043209,myelin sheath,199,44,10.07,4.9e-17
1,Lamp5_P120_CORT_CC,2,GO:0022625,cytosolic large ribosomal subunit,53,13,2.68,1.6e-06
2,Lamp5_P120_CORT_CC,3,GO:0005790,smooth endoplasmic reticulum,36,8,1.82,0.00035
3,Lamp5_P120_CORT_CC,4,GO:0005829,cytosol,3114,205,157.57,0.00044
4,Lamp5_P120_CORT_CC,5,GO:0005794,Golgi apparatus,1259,90,63.7,0.00045
0,Lamp5_P120_CORT_MF,1,GO:0003735,structural constituent of ribosome,148,25,7.34,6.7e-08
1,Lamp5_P120_CORT_MF,2,GO:0050998,nitric-oxide synthase binding,19,9,0.94,1e-07
2,Lamp5_P120_CORT_MF,3,GO:0048306,calcium-dependent protein binding,62,13,3.08,8.6e-06
3,Lamp5_P120_CORT_MF,4,GO:0045294,alpha-catenin binding,8,4,0.4,0.00036
4,Lamp5_P120_CORT_MF,5,GO:0030235,nitric-oxide synthase regulator activity,8,4,0.4,0.00036
0,Astro_P120_CORT_BP,1,GO:0022010,central nervous system myelination,23,2,0.03,0.00048
1,Astro_P120_CORT_BP,2,GO:0098990,AMPA selective glutamate receptor signaling pathway,1,1,0.0,0.00143
2,Astro_P120_CORT_BP,3,GO:0060311,negative regulation of elastin catabolic process,1,1,0.0,0.00143
3,Astro_P120_CORT_BP,4,GO:1905663,positive regulation of telomerase RNA reverse transcriptase ...,2,1,0.0,0.00286
4,Astro_P120_CORT_BP,5,GO:0099557,"trans-synaptic signaling by trans-synaptic complex, modulati...",2,1,0.0,0.00286
0,Astro_P120_CORT_CC,1,GO:0043209,myelin sheath,196,6,0.28,4e-06
1,Astro_P120_CORT_CC,2,GO:0022625,cytosolic large ribosomal subunit,52,2,0.07,0.0024
2,Astro_P120_CORT_CC,3,GO:0097453,mesaxon,2,1,0.0,0.0029
3,Astro_P120_CORT_CC,4,GO:0034683,integrin alphav-beta3 complex,3,1,0.0,0.0043
4,Astro_P120_CORT_CC,5,GO:0035749,myelin sheath adaxonal region,5,1,0.01,0.0071
0,Astro_P120_CORT_MF,1,GO:0033691,sialic acid binding,2,1,0.0,0.0027
1,Astro_P120_CORT_MF,2,GO:1905576,ganglioside GT1b binding,3,1,0.0,0.0041
2,Astro_P120_CORT_MF,3,GO:0008073,ornithine decarboxylase inhibitor activity,3,1,0.0,0.0041
3,Astro_P120_CORT_MF,4,GO:0042802,identical protein binding,1659,7,2.27,0.0043
4,Astro_P120_CORT_MF,5,GO:0031800,type 3 metabotropic glutamate receptor binding,4,1,0.01,0.0055
0,Peri_P120_CORT_BP,1,GO:0000002,mitochondrial genome maintenance,22,0,0.0,1.0
1,Peri_P120_CORT_BP,2,GO:0000003,reproduction,809,0,0.0,1.0
2,Peri_P120_CORT_BP,3,GO:0000012,single strand break repair,11,0,0.0,1.0
3,Peri_P120_CORT_BP,4,GO:0000018,regulation of DNA recombination,67,0,0.0,1.0
4,Peri_P120_CORT_BP,5,GO:0000019,regulation of mitotic recombination,4,0,0.0,1.0
0,Peri_P120_CORT_CC,1,GO:0000015,phosphopyruvate hydratase complex,3,0,0.0,1.0
1,Peri_P120_CORT_CC,2,GO:0000109,nucleotide-excision repair complex,12,0,0.0,1.0
2,Peri_P120_CORT_CC,3,GO:0000110,nucleotide-excision repair factor 1 complex,2,0,0.0,1.0
3,Peri_P120_CORT_CC,4,GO:0000111,nucleotide-excision repair factor 2 complex,1,0,0.0,1.0
4,Peri_P120_CORT_CC,5,GO:0000112,nucleotide-excision repair factor 3 complex,1,0,0.0,1.0
0,Peri_P120_CORT_MF,1,GO:0000009,"alpha-1,6-mannosyltransferase activity",1,0,0.0,1.0
1,Peri_P120_CORT_MF,2,GO:0000010,trans-hexaprenyltranstransferase activity,2,0,0.0,1.0
2,Peri_P120_CORT_MF,3,GO:0000014,single-stranded DNA endodeoxyribonuclease activity,10,0,0.0,1.0
3,Peri_P120_CORT_MF,4,GO:0000026,"alpha-1,2-mannosyltransferase activity",4,0,0.0,1.0
4,Peri_P120_CORT_MF,5,GO:0000030,mannosyltransferase activity,25,0,0.0,1.0
0,Endo_P120_CORT_BP,1,GO:0000002,mitochondrial genome maintenance,18,0,0.0,1.0
1,Endo_P120_CORT_BP,2,GO:0000003,reproduction,728,0,0.0,1.0
2,Endo_P120_CORT_BP,3,GO:0000012,single strand break repair,10,0,0.0,1.0
3,Endo_P120_CORT_BP,4,GO:0000018,regulation of DNA recombination,52,0,0.0,1.0
4,Endo_P120_CORT_BP,5,GO:0000019,regulation of mitotic recombination,4,0,0.0,1.0
0,Endo_P120_CORT_CC,1,GO:0000015,phosphopyruvate hydratase complex,3,0,0.0,1.0
1,Endo_P120_CORT_CC,2,GO:0000109,nucleotide-excision repair complex,12,0,0.0,1.0
2,Endo_P120_CORT_CC,3,GO:0000110,nucleotide-excision repair factor 1 complex,3,0,0.0,1.0
3,Endo_P120_CORT_CC,4,GO:0000111,nucleotide-excision repair factor 2 complex,1,0,0.0,1.0
4,Endo_P120_CORT_CC,5,GO:0000112,nucleotide-excision repair factor 3 complex,1,0,0.0,1.0
0,Endo_P120_CORT_MF,1,GO:0000009,"alpha-1,6-mannosyltransferase activity",1,0,0.0,1.0
1,Endo_P120_CORT_MF,2,GO:0000010,trans-hexaprenyltranstransferase activity,2,0,0.0,1.0
2,Endo_P120_CORT_MF,3,GO:0000014,single-stranded DNA endodeoxyribonuclease activity,9,0,0.0,1.0
3,Endo_P120_CORT_MF,4,GO:0000026,"alpha-1,2-mannosyltransferase activity",3,0,0.0,1.0
4,Endo_P120_CORT_MF,5,GO:0000030,mannosyltransferase activity,23,0,0.0,1.0
