"Term","Cell_Type","Overlap.x","P.value.x","Adjusted.P.value.x","Old.P.value.x","Old.Adjusted.P.value.x","Odds.Ratio.x","Combined.Score.x","Genes.x","Sex.x","metadata.x","Specie","Overlap.y","P.value.y","Adjusted.P.value.y","Old.P.value.y","Old.Adjusted.P.value.y","Odds.Ratio.y","Combined.Score.y","Genes.y","Sex.y","metadata.y"
"Adherens junction","L6","8/72",0.000687282723967785,0.0154468209346929,0,0,4.575,33.3186490342938,"CDC42;PTPRB;SMAD3;INSR;CSNK2B;MAPK1;NLK;IGF1R","females","Users","Human","2/72",0.00520863938162792,0.048075853503287,0,0,20.3061224489796,106.7581516208,"ACTB;ACTG1","males","M_MUT_and_WT_M_P120_CORT"
"Adrenergic signaling in cardiomyocytes","Lamp5","11/148",0.00120100540579141,0.0252211135216195,0,0,3.19945330569824,21.515031652978,"RYR2;RPS6KA5;CREB1;GNAQ;AKT3;CAMK2A;MAPK1;ADCY1;ATP1B1;ADRA1A;SLC8A1","females","Users","Human","5/148",0.001657061788195,0.0254082807523233,0,0,6.27527018436109,40.1787304684508,"CAMK2D;GNAS;ATP1A3;ATP1B1;CALM1","males","M_MUT_and_WT_M_P120_CORT"
"Adrenergic signaling in cardiomyocytes","Pvalb","13/148",0.0196242442944019,0.179421662120246,0,0,2.00444444444444,7.87945011124164,"ATF2;RYR2;ATP1A3;CACNA1C;ATP1A1;SLC8A1;PPP2CB;PPP2R2B;CALM3;CALM1;CACNG2;PRKACB;CALM2","females","Users","Human","2/148",0.0386143745766545,0.129305649028898,0,0,6.78493150684931,22.0790537338686,"CACNB2;ATP2A2","males","M_MUT_and_WT_M_P60_CORT"
"Adrenergic signaling in cardiomyocytes","Sncg","9/148",0.00648843103065272,0.0527185021240534,0,0,2.84335427585533,14.3240640145612,"CACNB2;CACNB4;PPP2R2B;CACNA2D1;SCN7A;ATP2B2;ATP1A1;ATP1B1;CALM2","females","Users","Human","4/148",0.0330888339895444,0.126563217020949,0,0,3.44042627533194,11.7268973043349,"CAMK2D;CAMK2A;ATP1B1;CALM1","males","M_MUT_and_WT_M_P120_CORT"
"Adrenergic signaling in cardiomyocytes","Sncg","9/148",0.00648843103065272,0.0527185021240534,0,0,2.84335427585533,14.3240640145612,"CACNB2;CACNB4;PPP2R2B;CACNA2D1;SCN7A;ATP2B2;ATP1A1;ATP1B1;CALM2","females","Users","Human","4/148",0.00907211058345323,0.0639171427470568,0,0,5.17452830188679,24.3334798385049,"CAMK2B;CAMK2A;MAPK1;RAPGEF4","males","M_MUT_and_WT_M_P60_CORT"
"Adrenergic signaling in cardiomyocytes","Sst","12/148",0.00034593382812913,0.00455479540370021,0,0,3.50857591496558,27.9607643950746,"CAMK2D;CACNG8;CACNB4;PPP2R2B;CACNA2D1;GNAQ;CAMK2A;CACNA2D3;MAPK1;CALM3;ADCY2;CALM2","females","Users","Human","5/148",0.00549804632748679,0.0498058314372333,0,0,4.68697968697969,24.3880541682193,"CAMK2D;CAMK2A;GNAS;CACNA2D2;ATP1B1","males","M_MUT_and_WT_M_P60_CORT"
"Alcoholism","Sst","10/199",0.0281160567516141,0.111058424168876,0,0,2.0895683881369,7.46271473814072,"GRIN2A;GNG3;GRIN3A;GNG2;H3F3B;GNG4;MAPK1;CALM3;GRIN2B;CALM2","females","Users","Human","6/199",0.00420087149160367,0.0462095864076404,0,0,4.18517992760309,22.9032434623523,"NTRK2;GRIN3A;H3F3B;H2AFZ;NPY;GNAS","males","M_MUT_and_WT_M_P60_CORT"
"Aldosterone synthesis and secretion","L2_3_IT","18/102",0.0000803923227472605,0.000784002740229525,0,0,3.15103168339159,29.709791726497,"PRKCG;CAMK2B;ATF2;CAMK1D;PRKCB;PRKCE;CAMK2A;ITPR1;ATP2B4;ATP1A3;ATP1B3;PRKCA;ATP2B2;ADCY1;ATP1A1;GNAQ;CALM2;CAMK2G","females","Users","Human","4/102",0.00294963998823319,0.0502161744738318,0,0,7.21064139941691,42.0097170693679,"PRKCG;CAMK2D;ATP1B1;CALM1","males","M_MUT_and_WT_M_P120_CORT"
"Aldosterone synthesis and secretion","Sst","6/102",0.042500700806048,0.152616152894445,0,0,2.46006592292089,7.76946559559596,"CAMK2D;GNAQ;CAMK2A;CALM3;ADCY2;CALM2","females","Users","Human","4/102",0.00766258194304818,0.0621072431173379,0,0,5.44677330391616,26.5334456988117,"CAMK2D;CAMK2A;GNAS;ATP1B1","males","M_MUT_and_WT_M_P60_CORT"
"Aldosterone-regulated sodium reabsorption","L2_3_IT","11/38",0.0000176840299952659,0.000227992290016671,0,0,5.97616140473283,65.3962293764167,"PRKCG;PIK3CA;PDPK1;PRKCB;ATP1A3;MAPK1;ATP1B3;PRKCA;KRAS;PIK3CB;ATP1A1","females","Users","Human","2/38",0.0204645620033943,0.114653445291092,0,0,9.67251461988304,37.6169952353987,"PRKCG;ATP1B1","males","M_MUT_and_WT_M_P120_CORT"
"Alzheimer disease","Lamp5","22/175",0.000000000464017840646083,0.000000018953018803067,0,0,5.85758513931889,125.885936944739,"COX8A;NDUFB7;NDUFB10;NDUFB11;NDUFA4;COX4I1;NDUFA10;NDUFB2;NDUFA1;COX7A2;UQCR11;COX6A1;COX5B;COX6C;COX7C;COX5A;UQCRH;COX6B1;UQCRQ;GNAQ;NDUFAB1;MAPK1","females","Users","Human","4/175",0.0184813140269194,0.0793916829037593,0,0,4.15447025973342,16.5804704910025,"RTN3;ATP5G3;CALM1;COX7C","males","M_MUT_and_WT_M_P120_CORT"
"Alzheimer disease","Pvalb","53/175",0.0000000000000000000000000000469662039071452,0.00000000000000000000000000240466964004584,0,0,9.46499905784813,617.384137056661,"GSK3B;NDUFA13;COX7B;NDUFA12;COX4I1;NDUFA10;COX6A1;COX7C;UQCRFS1;COX8A;SDHD;COX6B1;NDUFS8;NDUFS7;NDUFS5;NDUFS4;NDUFS3;NDUFS2;GAPDH;NDUFB9;NDUFB8;NDUFB7;NDUFB10;UQCRB;NDUFB6;NDUFB11;NDUFB4;NDUFB2;COX7A2;UQCR11;CACNA1C;UQCR10;COX5B;COX5A;UQCRH;RTN4;NDUFV3;CYC1;NDUFV2;NDUFV1;NDUFA8;NDUFA6;NDUFA5;NDUFA4;NDUFA3;NDUFA1;COX6C;UQCRQ;NDUFAB1;CYCS;CALM3;CALM1;CALM2","females","Users","Human","3/175",0.00380314200851259,0.0393226672952491,0,0,10.46088794926,58.2873114309991,"COX4I1;ATP5G3;CALM1","males","M_MUT_and_WT_M_P120_CORT"
"Alzheimer disease","Sncg","27/175",0.0000000000000029684332759481,0.00000000000014471112220247,0,0,8.34757457929628,279.232564394172,"NDUFB9;NDUFA13;COX4I1;NDUFA10;NDUFB2;COX7A2;UQCR11;COX6A1;COX5B;COX7C;UQCRH;RTN4;GRIN2A;NDUFV3;NDUFV2;NDUFV1;COX8A;NDUFA4;NDUFA1;COX6C;COX6B1;GRIN1;NDUFS7;UQCRQ;NDUFS5;CALM2;GAPDH","females","Users","Human","6/175",0.00315520302247164,0.0302629427683324,0,0,4.4475935627332,25.6123678823727,"RTN3;NDUFA13;ATP5G3;MAPT;CALM1;GRIN2B","males","M_MUT_and_WT_M_P120_CORT"
"Alzheimer disease","Sst","32/175",0.000000000000000000781847070300778,0.000000000000000185297755661284,0,0,9.27593177700244,386.737971018592,"NDUFB9;NDUFA13;NDUFB11;COX4I1;NDUFB2;COX7A2;UQCR11;UQCR10;COX6A1;COX5B;COX5A;UQCRH;GRIN2A;UQCRFS1;MAPK1;NDUFV1;SNCA;COX8A;NDUFA5;NDUFA4;NDUFA1;COX6C;GRIN2B;NDUFS7;UQCRQ;GNAQ;NDUFAB1;CYCS;NDUFS2;CALM3;CALM2;GAPDH","females","Users","Human","6/175",0.00222877893922992,0.0353160967884171,0,0,4.78536110885953,29.2208572593975,"APP;RTN3;ATP5A1;MAPT;COX5B;GAPDH","males","M_MUT_and_WT_M_P60_CORT"
"Alzheimer disease","Sst","32/175",0.000000000000000000781847070300778,0.000000000000000185297755661284,0,0,9.27593177700244,386.737971018592,"NDUFB9;NDUFA13;NDUFB11;COX4I1;NDUFB2;COX7A2;UQCR11;UQCR10;COX6A1;COX5B;COX5A;UQCRH;GRIN2A;UQCRFS1;MAPK1;NDUFV1;SNCA;COX8A;NDUFA5;NDUFA4;NDUFA1;COX6C;GRIN2B;NDUFS7;UQCRQ;GNAQ;NDUFAB1;CYCS;NDUFS2;CALM3;CALM2;GAPDH","females","Users","Human","4/175",0.00904085068700651,0.111480706980381,0,0,5.18720021026349,24.410974597412,"RTN3;COX4I1;ATP5G3;CALM1","males","M_MUT_and_WT_M_P120_CORT"
"Alzheimer disease","Vip","40/175",0.0000000000000000000482463040401344,0.00000000000000000302745557851844,0,0,7.68478260869565,341.803512868016,"APP;RTN3;NDUFB9;NDUFA13;COX7B;NDUFB7;NDUFA11;NDUFB6;NDUFB11;COX4I1;NDUFA10;NDUFB2;COX7A2;UQCR11;COX6A1;COX5B;COX7C;COX5A;UQCRH;RTN4;NDUFV2;NDUFV1;COX8A;NDUFA6;NDUFA5;NDUFA4;NDUFA1;NDUFC1;COX6C;GRIN2B;COX6B1;NDUFS8;UQCRQ;NDUFS6;CYCS;NDUFS2;UQCRC2;CALM1;CALM2;GAPDH","females","Users","Human","4/175",0.0145513760550161,0.0647770934062005,0,0,4.4789644012945,18.9463316712048,"RTN3;COX4I1;MAPT;CALM1","males","M_MUT_and_WT_M_P120_CORT"
"Amphetamine addiction","L2_3_IT","14/68",0.0000886722844577816,0.000795094817304775,0,0,3.80648075297957,35.5166091641215,"PRKCG;CAMK2B;ATF2;JUN;PRKCB;CAMK2A;PRKCA;GRIN1;PPP1CB;PPP3CB;PPP3R1;GRIN2A;CAMK2G;CALM2","females","Users","Human","1/68",0.020229739174506,0.0452190784458267,0,0,59.4835820895522,232.021750766537,"ARC","males","M_MUT_and_WT_M_P30_CORT"
"Amphetamine addiction","L2_3_IT","14/68",0.0000886722844577816,0.000795094817304775,0,0,3.80648075297957,35.5166091641215,"PRKCG;CAMK2B;ATF2;JUN;PRKCB;CAMK2A;PRKCA;GRIN1;PPP1CB;PPP3CB;PPP3R1;GRIN2A;CAMK2G;CALM2","females","Users","Human","3/68",0.00724563744517608,0.0688335557291728,0,0,8.09489448604493,39.8864246723165,"PRKCG;CAMK2D;CALM1","males","M_MUT_and_WT_M_P120_CORT"
"Amphetamine addiction","Sncg","5/68",0.0186082123016454,0.106723570553555,0,0,3.46750658409851,13.8150742425314,"GRIA1;GRIN2A;CALM2;GRIA4;GRIN1","females","Users","Human","5/68",0.000232932546913841,0.00726749546371185,0,0,9.93269037572835,83.0845874819357,"GRIA2;CAMK2D;CAMK2A;CALM1;GRIN2B","males","M_MUT_and_WT_M_P120_CORT"
"Amphetamine addiction","Sncg","5/68",0.0186082123016454,0.106723570553555,0,0,3.46750658409851,13.8150742425314,"GRIA1;GRIN2A;CALM2;GRIA4;GRIN1","females","Users","Human","5/68",0.0000363362878835088,0.00135864279576232,0,0,14.9863945578231,153.201320479875,"GRIA1;CAMK2B;PPP3CA;GRIN2A;CAMK2A","males","M_MUT_and_WT_M_P60_CORT"
"Amphetamine addiction","Sst","9/68",0.0000464846017581736,0.000734456707779143,0,0,6.05250778277413,60.382174761041,"GRIA2;CAMK2D;GRIN2A;GRIN3A;CAMK2A;CALM3;GRIN2B;CALM2;STX1A","females","Users","Human","4/68",0.00179051727764414,0.0344674575946497,0,0,8.35472972972973,52.8457602296277,"CAMK2D;GRIN3A;CAMK2A;GNAS","males","M_MUT_and_WT_M_P60_CORT"
"Amyotrophic lateral sclerosis (ALS)","Sncg","4/52",0.0295190837815987,0.159895037150326,0,0,3.6355331841909,12.8069593397934,"GRIA1;GRIN2A;CCS;GRIN1","females","Users","Human","3/52",0.00294110276464961,0.0284919330325431,0,0,11.3528514209422,66.1754380437196,"GRIA1;PPP3CA;GRIN2A","males","M_MUT_and_WT_M_P60_CORT"
"Apelin signaling pathway","L2_3_IT","17/138",0.00735707509202885,0.029985654541754,0,0,2.06023672341424,10.120074039663,"EGR1;GABARAPL1;MAP2K1;PRKCE;RPS6;ITPR1;ADCY1;GNAI1;SLC8A2;GNB2;GNAQ;AKT3;GNB1;MAPK1;KRAS;CALM2;MEF2D","females","Users","Human","1/138",0.040697170601244,0.0452190784458267,0,0,28.9883211678832,92.8089136026139,"EGR1","males","M_MUT_and_WT_M_P30_CORT"
"Arrhythmogenic right ventricular cardiomyopathy (ARVC)","Sncg","6/72",0.00566976131205454,0.0502547025386653,0,0,3.98018386108274,20.5879319112516,"CACNB2;CACNB4;CACNA2D1;ITGB8;ACTB;ACTG1","females","Users","Human","3/72",0.0210370871566798,0.0965231057777072,0,0,5.37173913043478,20.742800603435,"DMD;ACTB;ACTG1","males","M_MUT_and_WT_M_P120_CORT"
"Bacterial invasion of epithelial cells","Sncg","6/74",0.00647549583713759,0.0527185021240534,0,0,3.86272306675479,19.4670816965349,"CLTB;CLTA;ARPC5;ACTB;DNM1;ACTG1","females","Users","Human","3/74",0.0225993392738351,0.100728483620522,0,0,5.21989436619718,19.7825363233061,"CLTC;ACTB;ACTG1","males","M_MUT_and_WT_M_P120_CORT"
"Bacterial invasion of epithelial cells","Sst","6/74",0.0103795004168058,0.0683317110773046,0,0,3.47804557928648,15.8874427682668,"CDC42;PIK3CA;ARPC3;PIK3R1;SEPT2;SEPT3","females","Users","Human","4/74",0.000393059871217288,0.0170764456293434,0,0,12.7364365971108,99.8733867407092,"DNM3;CLTC;ACTB;ACTG1","males","M_MUT_and_WT_M_P120_CORT"
"Bacterial invasion of epithelial cells","Vip","8/74",0.00781441938315792,0.115377603833685,0,0,3.02367424242424,14.6702161642697,"CDC42;CLTA;WASF1;ACTB;RHOA;SEPT2;DNM1;ACTG1","females","Users","Human","4/74",0.000668184549321866,0.0184418935612835,0,0,10.9975034674064,80.4021556472235,"DNM3;CLTC;ACTB;ACTG1","males","M_MUT_and_WT_M_P120_CORT"
"Calcium signaling pathway","L2_3_IT","23/189",0.00239349789942418,0.0119231654619464,0,0,2.03648349340309,12.2901767152712,"PRKCG;CAMK2B;CAMK1D;PRKCB;PDE1A;CAMK2A;CACNA1B;ITPR1;ATP2B4;ATP2A2;PRKCA;ATP2B2;ADCY1;SLC8A2;GRIN1;PPP3R1;GRIN2A;PPP3CB;HRH2;GNAQ;PTK2B;CALM2;CAMK2G","females","Users","Human","4/189",0.0244003154772645,0.120194146610229,0,0,3.80289575289575,14.1207574175639,"PRKCG;CAMK2D;CALM1;SLC25A4","males","M_MUT_and_WT_M_P120_CORT"
"Calcium signaling pathway","L6","12/189",0.00524428436071407,0.0395858884002288,0,0,2.48566088805826,13.0512520439884,"CAMK2B;RYR2;EDNRA;GRIN2A;CAMK1D;PLCB4;GNAQ;CAMK2A;GNAS;ATP2B4;HTR2A;ADCY1","females","Users","Human","2/189",0.0324939636407943,0.0987316587547212,0,0,7.55653170359053,25.8939742995908,"CALM1;SLC25A4","males","M_MUT_and_WT_M_P120_CORT"
"Calcium signaling pathway","Sst","11/189",0.00804830992844028,0.0575612962696859,0,0,2.4469630687051,11.7999732601096,"GRIN2A;CAMK2D;PDE1C;ERBB4;GNAQ;CAMK2A;CALM3;ADCY2;SLC25A5;CALM2;SLC25A4","females","Users","Human","5/189",0.0148267834533259,0.0951385271588412,0,0,3.63501922508134,15.3082293117904,"CHRM3;CAMK2D;CAMK2A;GNAS;SLC25A4","males","M_MUT_and_WT_M_P60_CORT"
"cAMP signaling pathway","L2_3_IT","28/211",0.000211283346665554,0.00162386343580098,0,0,2.25576552725502,19.0889881943704,"CAMK2B;ROCK2;CAMK2A;ATP2A2;ATP1A3;ADCY1;PIK3CB;ATP1A1;GNAI1;PPP1CB;MAPK9;GRIN2A;AKT3;PDE4B;MAPK1;CAMK2G;GABBR2;JUN;GABBR1;MAP2K1;PDE4D;NPY1R;ATP2B4;ATP1B3;ATP2B2;GRIN1;PIK3CA;CALM2","females","Users","Human","4/211",0.0345650948501107,0.153238587168824,0,0,3.39492753623188,11.4236287578801,"CAMK2D;ROCK2;ATP1B1;CALM1","males","M_MUT_and_WT_M_P120_CORT"
"cAMP signaling pathway","Sncg","11/211",0.00862963728311896,0.0600992596502927,0,0,2.418625,11.4946430268712,"GRIA1;GABBR2;GRIN2A;PDE4D;PDE4B;ATP2B2;ATP1A1;ATP1B1;CALM2;GRIN1;GRIA4","females","Users","Human","7/211",0.00175158567227353,0.0227706137395559,0,0,4.31847033685269,27.4103408987372,"GRIA2;CAMK2D;CAMK2A;BRAF;ATP1B1;CALM1;GRIN2B","males","M_MUT_and_WT_M_P120_CORT"
"cAMP signaling pathway","Sncg","11/211",0.00862963728311896,0.0600992596502927,0,0,2.418625,11.4946430268712,"GRIA1;GABBR2;GRIN2A;PDE4D;PDE4B;ATP2B2;ATP1A1;ATP1B1;CALM2;GRIN1;GRIA4","females","Users","Human","7/211",0.000167222514398069,0.00431991495528344,0,0,6.55825242718447,57.0317777665523,"GRIA1;CAMK2B;GRIN2A;ROCK2;CAMK2A;MAPK1;RAPGEF4","males","M_MUT_and_WT_M_P60_CORT"
"cAMP signaling pathway","Sncg","11/211",0.00862963728311896,0.0600992596502927,0,0,2.418625,11.4946430268712,"GRIA1;GABBR2;GRIN2A;PDE4D;PDE4B;ATP2B2;ATP1A1;ATP1B1;CALM2;GRIN1;GRIA4","females","Users","Human","3/211",0.0104770946845372,0.253928210833529,0,0,7.12103365384615,32.4616866836311,"MAPK9;ATP2A2;GRIA3","males","M_MUT_and_WT_M_P30_CORT"
"cAMP signaling pathway","Sst","14/211",0.00087981309257761,0.0099293191876616,0,0,2.82857292375321,19.901276397432,"GRIA2;CAMK2D;ROCK2;CAMK2A;ADCY2;PIK3R1;GRIN2B;GRIN2A;GRIN3A;PIK3CA;SST;MAPK1;CALM3;CALM2","females","Users","Human","7/211",0.00117201344438564,0.0257842957764842,0,0,4.64868154158215,31.3741010238641,"CAMK2D;GRIN3A;SST;NPY;CAMK2A;GNAS;ATP1B1","males","M_MUT_and_WT_M_P60_CORT"
"cAMP signaling pathway","Vip","15/211",0.0179231157349316,0.187250223233787,0,0,1.91356700367401,7.69572356358271,"GABBR2;ATP2B2;ATP1A1;ATP2B1;ATP1B1;GRIN2B;RHOA;MAPK10;PDE4B;PLCE1;RAC3;CALM1;VIP;PRKACB;CALM2","females","Users","Human","4/211",0.026773925347379,0.0987977192911449,0,0,3.69326016603349,13.3708087579941,"CAMK2D;ATP1B1;CALM1;PRKACB","males","M_MUT_and_WT_M_P120_CORT"
"Cardiac muscle contraction","Lamp5","16/78",0.0000000000693372664630591,0.00000000402515315876017,0,0,10.4304204949366,243.988798817934,"COX8A;RYR2;COX4I1;UQCR11;COX7A2;COX6A1;ATP1B1;COX5B;COX6C;COX7C;COX5A;SLC8A1;UQCRH;COX6B1;SLC9A6;UQCRQ","females","Users","Human","3/78",0.0103051234098186,0.0526706307612949,0,0,7.075,32.3689321795979,"ATP1A3;ATP1B1;COX7C","males","M_MUT_and_WT_M_P120_CORT"
"Cardiac muscle contraction","Pvalb","24/78",0.0000000000000476410934638626,0.0000000000015245149908436,0,0,9.40452354467927,288.484518659701,"COX8A;RYR2;COX7B;UQCRB;COX4I1;ATP1A3;UQCR11;COX7A2;UQCR10;ATP1A1;CACNA1C;COX6A1;COX5B;COX6C;COX7C;COX5A;SLC8A1;UQCRH;COX6B1;SLC9A6;UQCRQ;UQCRFS1;CYC1;CACNG2","females","Users","Human","2/78",0.0116874601738369,0.0738155814485384,0,0,13.0802631578947,58.1972142511412,"CACNB2;ATP2A2","males","M_MUT_and_WT_M_P60_CORT"
"Cardiac muscle contraction","Sst","16/78",0.0000000000735729383310609,0.00000000249096948349449,0,0,10.3861617578308,242.337651812891,"COX8A;COX4I1;CACNA2D1;CACNA2D3;UQCR11;COX7A2;UQCR10;COX6A1;COX5B;COX6C;COX5A;UQCRH;CACNG8;CACNB4;UQCRQ;UQCRFS1","females","Users","Human","3/78",0.0216248145161719,0.100915801075469,0,0,5.30818791946309,20.3511349359369,"CACNA2D2;ATP1B1;COX5B","males","M_MUT_and_WT_M_P60_CORT"
"cGMP-PKG signaling pathway","L2_3_IT","25/172",0.000107323669578445,0.000931292487632309,0,0,2.50620883273944,22.905899978868,"ATF2;GUCY1B1;ROCK2;ITPR1;ATP2A2;ATP1A3;IRS2;ADCY1;ATP1A1;GNAI1;SLC8A2;PPP1CB;PPP3R1;PPP3CB;AKT3;MAPK1;MEF2D;GUCY1A2;MAP2K1;PRKCE;ATP2B4;ATP1B3;ATP2B2;GNAQ;CALM2","females","Users","Human","4/172",0.0179666889196896,0.114653445291092,0,0,4.19132653061224,16.8459298557689,"ROCK2;ATP1B1;CALM1;SLC25A4","males","M_MUT_and_WT_M_P120_CORT"
"cGMP-PKG signaling pathway","L6","10/172",0.0182176199429131,0.0824804418628243,0,0,2.25635989524878,9.03754726347898,"EDNRA;PLCB4;INSR;GNAQ;PDE3B;ATP2B4;ATP1A3;MAPK1;IRS2;ADCY1","females","Users","Human","2/172",0.0273212378649421,0.0938425126665402,0,0,8.31932773109244,29.9503363538424,"CALM1;SLC25A4","males","M_MUT_and_WT_M_P120_CORT"
"cGMP-PKG signaling pathway","Lamp5","10/172",0.0110188952715067,0.159085300482378,0,0,2.45151722564454,11.0517920045723,"GUCY1A2;MEF2C;CREB1;GNAQ;AKT3;MAPK1;ADCY1;ATP1B1;ADRA1A;SLC8A1","females","Users","Human","5/172",0.00318199580063059,0.0337781092682324,0,0,5.36690255851932,30.8610135588667,"KCNMA1;ATP1A3;ATP1B1;CALM1;SLC25A4","males","M_MUT_and_WT_M_P120_CORT"
"cGMP-PKG signaling pathway","Pvalb","19/172",0.000385413754559254,0.00752313286745495,0,0,2.59960090230783,20.435964711259,"MEF2A;ATF2;GUCY1A2;MEF2C;ATP1A3;CACNA1C;ATP1A1;SLC8A1;NPPC;KCNMB2;KCNMA1;VDAC3;VDAC2;VDAC1;CALM3;CALM1;SLC25A5;CALM2;SLC25A4","females","Users","Human","2/172",0.0382696521330326,0.106167422046478,0,0,6.84913494809689,22.3493990261555,"CALM1;SLC25A4","males","M_MUT_and_WT_M_P120_CORT"
"cGMP-PKG signaling pathway","Sst","11/172",0.00402480185490847,0.0317959346537769,0,0,2.70771815497404,14.9338226970392,"GUCY1A2;MEF2C;ROCK2;GNAQ;KCNMA1;MAPK1;CALM3;ADCY2;SLC25A5;CALM2;SLC25A4","females","Users","Human","3/172",0.0462454359370595,0.246642324997651,0,0,3.8930966469428,11.9665712842387,"ATP1B1;CALM1;SLC25A4","males","M_MUT_and_WT_M_P120_CORT"
"cGMP-PKG signaling pathway","Vip","13/172",0.0168137800700585,0.185624530780817,0,0,2.04295358441109,8.34660226845488,"MEF2C;ATP2B2;ATP1A1;ATP2B1;ATP1B1;RHOA;KCNMB2;VDAC3;VDAC2;VDAC1;CALM1;SLC25A5;CALM2","females","Users","Human","4/172",0.0137356230553037,0.0647770934062005,0,0,4.55963938973648,19.5506512350608,"KCNMA1;ATP1B1;CALM1;SLC25A4","males","M_MUT_and_WT_M_P120_CORT"
"Cholinergic synapse","Sst","10/113",0.000534512660813519,0.006667342137516,0,0,3.85133122878075,29.0165269753568,"CAMK2D;GNG3;GNG2;PIK3CA;GNG4;GNAQ;CAMK2A;MAPK1;ADCY2;PIK3R1","females","Users","Human","4/113",0.0108923634016421,0.076246543811495,0,0,4.89437143565584,22.1210579843503,"CHRM3;CAMK2D;KCNJ6;CAMK2A","males","M_MUT_and_WT_M_P60_CORT"
"Circadian entrainment","L2_3_IT","22/99",0.00000023911097986648,0.00000584735032582573,0,0,4.21626512837914,64.282603421487,"PRKCG;CAMK2B;GUCY1A2;GUCY1B1;PRKCB;CAMK2A;ITPR1;PRKCA;ADCY1;GNAI1;GRIN1;GNAO1;GRIN2A;RPS6KA5;GNB2;GNAQ;GNB1;NOS1AP;MAPK1;CALM2;CAMK2G;KCNJ3","females","Users","Human","3/99",0.0199333752908448,0.114653445291092,0,0,5.47234513274336,21.4262001543411,"PRKCG;CAMK2D;CALM1","males","M_MUT_and_WT_M_P120_CORT"
"Circadian entrainment","Lamp5","12/99",0.00000632355521932775,0.000162304583962745,0,0,5.52179168147885,66.1026325616537,"GUCY1A2;GRIA2;RYR2;GNG3;KCNJ6;RPS6KA5;CREB1;PER3;GNAQ;CAMK2A;MAPK1;ADCY1","females","Users","Human","3/99",0.0194863327182603,0.0793916829037593,0,0,5.521484375,21.7438370695715,"CAMK2D;GNAS;CALM1","males","M_MUT_and_WT_M_P120_CORT"
"Circadian entrainment","Sncg","8/99",0.00179605783831367,0.0206018399100685,0,0,3.8613846649964,24.4122959430316,"GRIA1;GUCY1A2;GRIN2A;GNG3;KCNJ6;CALM2;GRIA4;GRIN1","females","Users","Human","5/99",0.000217829059425035,0.00482335774441148,0,0,10.0283687943262,84.5571993365691,"GRIA1;CAMK2B;GRIN2A;CAMK2A;MAPK1","males","M_MUT_and_WT_M_P60_CORT"
"Circadian entrainment","Sncg","8/99",0.00179605783831367,0.0206018399100685,0,0,3.8613846649964,24.4122959430316,"GRIA1;GUCY1A2;GRIN2A;GNG3;KCNJ6;CALM2;GRIA4;GRIN1","females","Users","Human","5/99",0.00130555844614634,0.0199220110043001,0,0,6.64657958524104,44.1407618711268,"GRIA2;CAMK2D;CAMK2A;CALM1;GRIN2B","males","M_MUT_and_WT_M_P120_CORT"
"Circadian entrainment","Sst","14/99",0.000000164971321862115,0.00000390982032813213,0,0,6.59366889023651,102.976585551402,"GUCY1A2;GRIA2;CAMK2D;CAMK2A;ADCY2;GRIN2B;GRIN2A;GNG3;GNG2;GNG4;GNAQ;MAPK1;CALM3;CALM2","females","Users","Human","5/99",0.000956397779262721,0.0245475430010765,0,0,7.14792299898683,49.6947669969069,"CAMK2D;KCNJ6;PER3;CAMK2A;GNAS","males","M_MUT_and_WT_M_P60_CORT"
"Collecting duct acid secretion","Pvalb","5/27",0.00716608452183895,0.0814681464265284,0,0,4.7175183204595,23.2969729683605,"ATP6V1G1;ATP6V0E2;ATP6V0D1;ATP6V0C;ATP6V1F","females","Users","Human","1/27",0.0475095732087328,0.113495091554195,0,0,21.9098901098901,66.7555800541985,"ATP6V0C","males","M_MUT_and_WT_M_P120_CORT"
"Collecting duct acid secretion","Vip","4/27",0.019396437466448,0.187250223233787,0,0,4.3255237666141,17.0540949051512,"ATP6V0E2;ATP6V0D1;ATP6V0C;ATP6V1F","females","Users","Human","2/27",0.00912152317040695,0.0503508079006464,0,0,15.1375238095238,71.1027427445371,"ATP6V0C;ATP6V0A1","males","M_MUT_and_WT_M_P120_CORT"
"Dilated cardiomyopathy (DCM)","Sncg","6/90",0.0161518662223743,0.0993586404107775,0,0,3.12439807383628,12.8903906227068,"CACNB2;CACNB4;CACNA2D1;ITGB8;ACTB;ACTG1","females","Users","Human","3/90",0.0373055645793104,0.129325957208276,0,0,4.25646551724138,13.9978668934892,"DMD;ACTB;ACTG1","males","M_MUT_and_WT_M_P120_CORT"
"Dopaminergic synapse","L2_3_IT","33/135",0.0000000000166023055168986,0.00000000446602018404572,0,0,4.80978669423041,119.386022040159,"CAMK2B;ATF2;CAMK2A;CACNA1B;ITPR1;GNAI1;ARNTL;PPP1CB;PPP2CA;PPP2CB;MAPK9;GRIN2A;PPP3CB;PPP2R1A;KIF5C;PPP2R5E;KIF5B;KIF5A;AKT3;CAMK2G;KCNJ3;PRKCG;PRKCB;PRKCA;PPP2R5C;GNAO1;CALY;PPP2R2C;GNB2;GNAQ;GNB1;CLOCK;CALM2","females","Users","Human","3/135",0.0439356552381976,0.171865945490597,0,0,3.97264682220434,12.4146369088575,"PRKCG;CAMK2D;CALM1","males","M_MUT_and_WT_M_P120_CORT"
"Dopaminergic synapse","Lamp5","9/135",0.00665616628755198,0.109826743744608,0,0,2.83621194379391,14.2156943839516,"GRIA2;GNG3;KCNJ6;CREB1;CALY;GNAQ;AKT3;CAMK2A;SCN1A","females","Users","Human","3/135",0.0430047609415607,0.116365823724223,0,0,4.00831980519481,12.6119556042644,"CAMK2D;GNAS;CALM1","males","M_MUT_and_WT_M_P120_CORT"
"Dopaminergic synapse","Sncg","11/135",0.000247428916634956,0.00331249670242374,0,0,3.91633064516129,32.5227261696331,"GRIA1;GRIN2A;GNG3;KCNJ6;GNAL;CALY;PPP2R2B;KIF5A;CALM2;SCN1A;GRIA4","females","Users","Human","2/135",0.0341033423031197,0.349477326317705,0,0,7.27086007702182,24.5635820117794,"MAPK9;GRIA3","males","M_MUT_and_WT_M_P30_CORT"
"Dopaminergic synapse","Sncg","11/135",0.000247428916634956,0.00331249670242374,0,0,3.91633064516129,32.5227261696331,"GRIA1;GRIN2A;GNG3;KCNJ6;GNAL;CALY;PPP2R2B;KIF5A;CALM2;SCN1A;GRIA4","females","Users","Human","5/135",0.000903135527281218,0.0139986006728589,0,0,7.23809523809524,50.7364269235424,"GRIA1;CAMK2B;PPP3CA;GRIN2A;CAMK2A","males","M_MUT_and_WT_M_P60_CORT"
"Dopaminergic synapse","Sncg","11/135",0.000247428916634956,0.00331249670242374,0,0,3.91633064516129,32.5227261696331,"GRIA1;GRIN2A;GNG3;KCNJ6;GNAL;CALY;PPP2R2B;KIF5A;CALM2;SCN1A;GRIA4","females","Users","Human","5/135",0.00501074849063136,0.0402846079766587,0,0,4.79722492697176,25.4069186249877,"GRIA2;CAMK2D;CAMK2A;CALM1;GRIN2B","males","M_MUT_and_WT_M_P120_CORT"
"Dopaminergic synapse","Sst","14/135",0.00000730149863580179,0.000157314106971366,0,0,4.62332793729232,54.6820918834563,"GRIA2;CAMK2D;CAMK2A;GRIN2B;GRIN2A;GNG3;GNG2;CALY;GNG4;PPP2R2B;GNAQ;CALM3;CLOCK;CALM2","females","Users","Human","4/135",0.019714752151957,0.0979378010129479,0,0,4.06787703734269,15.9720639236636,"CAMK2D;KCNJ6;CAMK2A;GNAS","males","M_MUT_and_WT_M_P60_CORT"
"Dopaminergic synapse","Vip","10/135",0.0375765865850981,0.294741351026864,0,0,1.99467362924282,6.54527042434031,"MAPK10;GNG3;KCNJ6;CALY;PPP2R2B;CALM1;PRKACB;GRIN2B;CALM2;SCN1A","females","Users","Human","3/135",0.0359229914674212,0.115287740058235,0,0,4.31840034965035,14.3646308716135,"CAMK2D;CALM1;PRKACB","males","M_MUT_and_WT_M_P120_CORT"
"Endocrine and other factor-regulated calcium reabsorption","L2_3_IT","12/55",0.000156064853109496,0.00123474839666042,0,0,4.09331555198305,35.878888755515,"PRKCG;PRKCB;GNAQ;CLTC;AP2S1;ATP1A3;ATP1B3;PRKCA;ATP1A1;AP2A2;AP2M1;RAB11A","females","Users","Human","3/55",0.0040050321458407,0.0502161744738318,0,0,10.1252552756978,55.8934713535213,"PRKCG;CLTC;ATP1B1","males","M_MUT_and_WT_M_P120_CORT"
"Endocrine and other factor-regulated calcium reabsorption","Lamp5","4/55",0.0475720112627983,0.323209841226659,0,0,3.09461878057511,9.4246945757496,"GNAQ;AP2S1;ATP1B1;SLC8A1","females","Users","Human","4/55",0.00028216539954322,0.00530840133952198,0,0,14.0144850733086,114.540626653015,"GNAS;ATP1A3;ATP1B1;DNM1","males","M_MUT_and_WT_M_P120_CORT"
"Endocrine and other factor-regulated calcium reabsorption","Vip","6/55",0.0193112019524909,0.187250223233787,0,0,3.04929764113438,12.035791055602,"CLTA;ATP1A1;ATP2B1;ATP1B1;PRKACB;DNM1","females","Users","Human","4/55",0.000214080568920633,0.00738577962776185,0,0,15.109080525414,127.659010460126,"DNM3;CLTC;ATP1B1;PRKACB","males","M_MUT_and_WT_M_P120_CORT"
"Estrogen signaling pathway","Lamp5","8/134",0.0188801515119553,0.186804818131972,0,0,2.51592170610576,9.98731373984633,"HSPA8;KCNJ6;CREB1;GNAQ;AKT3;MAPK1;ADCY1;HSPA1A","females","Users","Human","3/134",0.0422203609883536,0.116365823724223,0,0,4.03912213740458,12.7832265473609,"GNAS;CALM1;HSP90B1","males","M_MUT_and_WT_M_P120_CORT"
"Estrogen signaling pathway","Sst","8/134",0.0192882978653648,0.0896338547861071,0,0,2.50541492904018,9.89202126779191,"HSP90AA1;PIK3CA;GNAQ;MAPK1;CALM3;ADCY2;PIK3R1;CALM2","females","Users","Human","4/134",0.0192411165983196,0.0979378010129479,0,0,4.0993762993763,16.1954297230371,"KCNJ6;HSP90AB1;GNAS;HSP90B1","males","M_MUT_and_WT_M_P60_CORT"
"Fluid shear stress and atherosclerosis","Oligo","3/143",0.0454185828968785,0.487659625878138,0,0,3.91845238095238,12.1152040745648,"HSP90AA1;HSP90AB1;PTK2","females","Users","Human","1/143",0.0489960875365206,0.070757839639911,0,0,23.2992957746479,70.2710215907855,"ACTB","males","M_MUT_and_WT_M_P60_CORT"
"Fluid shear stress and atherosclerosis","Pvalb","15/143",0.00254468093797661,0.0325719160061006,0,0,2.44557922632159,14.6092789155178,"MEF2A;MEF2C;PRKAA1;HSP90AB1;MGST3;ACTB;MAPK10;NPPC;MAPK9;GSTA4;CTSL;CTNNB1;CALM3;CALM1;CALM2","females","Users","Human","3/143",0.00335060786983345,0.0402072944380014,0,0,10.889010989011,62.0522649792456,"HSP90AA1;HSP90AB1;HSP90B1","males","M_MUT_and_WT_M_P60_CORT"
"Fluid shear stress and atherosclerosis","Pvalb","15/143",0.00254468093797661,0.0325719160061006,0,0,2.44557922632159,14.6092789155178,"MEF2A;MEF2C;PRKAA1;HSP90AB1;MGST3;ACTB;MAPK10;NPPC;MAPK9;GSTA4;CTSL;CTNNB1;CALM3;CALM1;CALM2","females","Users","Human","3/143",0.00215001196895301,0.0308168382216598,0,0,12.8727272727273,79.0679193434809,"CALM1;ACTB;ACTG1","males","M_MUT_and_WT_M_P120_CORT"
"Fluid shear stress and atherosclerosis","Sst","8/143",0.0271874587546664,0.110846275191025,0,0,2.33730104850268,8.42596908129383,"MEF2C;HSP90AA1;PIK3CA;MGST3;GPC1;CALM3;PIK3R1;CALM2","females","Users","Human","3/143",0.0291201951650297,0.217430790565555,0,0,4.70642857142857,16.6434532691005,"CALM1;ACTB;ACTG1","males","M_MUT_and_WT_M_P120_CORT"
"Fluid shear stress and atherosclerosis","Vip","12/143",0.00987966458744401,0.130515569023602,0,0,2.28923704088566,10.5700408872885,"MAPK10;MEF2C;HSP90AB1;SUMO1;GSTA4;MGST3;RAC3;CALM1;CALM2;ACTB;RHOA;ACTG1","females","Users","Human","4/143",0.0073249643489829,0.0470694431448873,0,0,5.51903331703569,27.134145126119,"HSP90AA1;CALM1;ACTB;ACTG1","males","M_MUT_and_WT_M_P120_CORT"
"Focal adhesion","Endo","4/199",0.00731180804544115,0.0755553498028919,0,0,5.54351949420443,27.264496226397,"FN1;CTNNB1;ACTB;ACTG1","females","Users","Human","4/199",0.00577569559326997,0.0675880909479382,0,0,5.9526395173454,30.6804789829456,"PRKCG;CDC42;RASGRF1;TNR","males","M_MUT_and_WT_M_P120_CORT"
"Focal adhesion","L2_3_IT","23/199",0.00458197790462928,0.0202057714154963,0,0,1.91973869039043,10.3389917575332,"PRKCG;JUN;MAP2K1;PRKCB;PDPK1;ROCK2;RASGRF1;PTEN;XIAP;PRKCA;PIK3CB;ARHGAP5;IGF1R;PPP1CB;MAPK9;CCND2;PIK3CA;AKT3;MAPK1;ITGAV;PIP5K1C;PAK3;PPP1R12B","females","Users","Human","4/199",0.0287592849844746,0.136606603676254,0,0,3.60604395604396,12.7971093470452,"PRKCG;ROCK2;ACTB;ACTG1","males","M_MUT_and_WT_M_P120_CORT"
"GABAergic synapse","Sncg","10/90",0.0000351767161552607,0.000623587240934167,0,0,5.51842403628118,56.5921347355756,"GABRA2;GABRB2;GABARAPL2;GABBR2;GNG3;KCNJ6;GPHN;GABARAP;GLS;GABRG1","females","Users","Human","4/90",0.00631156392470323,0.044489209172195,0,0,5.77768026912389,29.2660986152703,"NSF;GABRA2;SLC32A1;SLC38A2","males","M_MUT_and_WT_M_P120_CORT"
"GABAergic synapse","Sncg","10/90",0.0000351767161552607,0.000623587240934167,0,0,5.51842403628118,56.5921347355756,"GABRA2;GABRB2;GABARAPL2;GABBR2;GNG3;KCNJ6;GPHN;GABARAP;GLS;GABRG1","females","Users","Human","3/90",0.0134522167029881,0.0744676281772557,0,0,6.38188849500483,27.4970773691945,"NSF;GAD2;GPHN","males","M_MUT_and_WT_M_P60_CORT"
"GABAergic synapse","Sst","10/90",0.0000819178339992741,0.00121340791611425,0,0,4.96446830265849,46.7146232406272,"GABRB2;GABARAPL2;GNG3;GNG2;GNG4;GAD2;ADCY2;SLC38A2;GPHN;GABARAP","females","Users","Human","6/90",0.0000642469774174348,0.00494701726114248,0,0,9.6692759295499,93.3353534638499,"GABRB3;KCNJ6;GAD1;GAD2;SLC6A1;SLC38A2","males","M_MUT_and_WT_M_P60_CORT"
"Gastric acid secretion","Endo","2/74",0.033059016575236,0.146404216261759,0,0,7.35222222222222,25.0671144425277,"CALM1;ACTB","females","Users","Human","2/74",0.0292208598826251,0.156952124228517,0,0,7.87936507936508,27.8367917746668,"PRKCG;CALM1","males","M_MUT_and_WT_M_P120_CORT"
"Gastric acid secretion","L2_3_IT","15/74",0.0000606819593950252,0.000627824887586992,0,0,3.73468570665955,36.2632907178539,"PRKCG;CAMK2B;PRKCB;CAMK2A;ITPR1;ATP1A3;ATP1B3;PRKCA;ADCY1;ATP1A1;GNAI1;HRH2;GNAQ;CAMK2G;CALM2","females","Users","Human","5/74",0.0000704624965249125,0.00937151203781336,0,0,12.9357618488053,123.67144505551,"PRKCG;CAMK2D;ATP1B1;CALM1;ACTB","males","M_MUT_and_WT_M_P120_CORT"
"Gastric acid secretion","L6","7/74",0.00372516373355188,0.0335594886110731,0,0,3.81608904629395,21.3420293124711,"CAMK2B;PLCB4;GNAQ;CAMK2A;GNAS;ATP1A3;ADCY1","females","Users","Human","2/74",0.00549391086102872,0.048075853503287,0,0,19.7400793650794,102.729641471297,"CALM1;ACTB","males","M_MUT_and_WT_M_P120_CORT"
"Gastric acid secretion","Sst","7/74",0.00245746931298007,0.023832582257079,0,0,4.12686567164179,24.7967807894738,"CAMK2D;SST;GNAQ;CAMK2A;ADCY2;CALM3;CALM2","females","Users","Human","6/74",0.0000211205660746627,0.00325256717549806,0,0,11.9540692989525,128.688703470315,"CHRM3;CAMK2D;SST;CAMK2A;GNAS;ATP1B1","males","M_MUT_and_WT_M_P60_CORT"
"Gastric acid secretion","Sst","7/74",0.00245746931298007,0.023832582257079,0,0,4.12686567164179,24.7967807894738,"CAMK2D;SST;GNAQ;CAMK2A;ADCY2;CALM3;CALM2","females","Users","Human","4/74",0.000393059871217288,0.0170764456293434,0,0,12.7364365971108,99.8733867407092,"SST;ATP1B1;CALM1;ACTB","males","M_MUT_and_WT_M_P120_CORT"
"Glioma","L2_3_IT","16/75",0.0000177986546109669,0.000227992290016671,0,0,3.9868039694942,43.6012338431622,"PRKCG;CAMK2B;MAP2K1;CAMK1D;PRKCB;CAMK2A;PTEN;PRKCA;PIK3CB;IGF1R;PIK3CA;AKT3;MAPK1;KRAS;CAMK2G;CALM2","females","Users","Human","3/75",0.00948151577511376,0.0788150998806331,0,0,7.30530973451327,34.0311358364381,"PRKCG;CAMK2D;CALM1","males","M_MUT_and_WT_M_P120_CORT"
"Glucagon signaling pathway","L2_3_IT","15/102",0.00215390933747826,0.0111423386881087,0,0,2.52891664404018,15.5287387867177,"CAMK2B;ATF2;CAMK2A;ITPR1;ACACA;PPP3R1;LDHA;PPP3CB;PFKL;PKM;GNAQ;AKT3;SIK2;CALM2;CAMK2G","females","Users","Human","3/102",0.0215513994908068,0.114653445291092,0,0,5.30571198712792,20.3596856629138,"LDHB;CAMK2D;CALM1","males","M_MUT_and_WT_M_P120_CORT"
"Glucagon signaling pathway","Sst","7/102",0.0139613655143878,0.07614411258491,0,0,2.90633290543432,12.4142887345466,"LDHB;CAMK2D;GNAQ;CAMK2A;CALM3;ADCY2;CALM2","females","Users","Human","3/102",0.0428429173857085,0.160922177497539,0,0,4.01647345942648,12.6527546825283,"CAMK2D;CAMK2A;GNAS","males","M_MUT_and_WT_M_P60_CORT"
"Glutamatergic synapse","L2_3_IT","23/114",0.000000801616923650954,0.0000165873040355467,0,0,3.72992459204821,52.3555900555887,"PRKCG;SLC38A1;PRKCB;ITPR1;PRKCA;GRIK2;ADCY1;GNAI1;GRIN1;GNAO1;PPP3R1;GRIN2A;GRK3;PPP3CB;DLG4;GNB2;GNAQ;GNB1;MAPK1;DLGAP1;SLC17A7;SLC38A2;KCNJ3","females","Users","Human","4/114",0.0043925297066457,0.0502161744738318,0,0,6.42012987012987,34.8475017543595,"PRKCG;GRM7;SLC17A7;GRIK2","males","M_MUT_and_WT_M_P120_CORT"
"Glutamatergic synapse","Sncg","8/114",0.00431621177763348,0.0400791093637395,0,0,3.31240683163678,18.0373045213778,"GRIA1;GRIN2A;GNG3;DLG4;GRIK2;GLS;GRIA4;GRIN1","females","Users","Human","2/114",0.0249807205312443,0.331886715629388,0,0,8.64329268292683,31.8907328890684,"SLC1A1;GRIA3","males","M_MUT_and_WT_M_P30_CORT"
"Glutamatergic synapse","Sncg","8/114",0.00431621177763348,0.0400791093637395,0,0,3.31240683163678,18.0373045213778,"GRIA1;GRIN2A;GNG3;DLG4;GRIK2;GLS;GRIA4;GRIN1","females","Users","Human","5/114",0.00243082225100284,0.0291698670120341,0,0,5.72755777493903,34.477181247203,"GRIA2;GRM5;GRM7;SLC38A2;GRIN2B","males","M_MUT_and_WT_M_P120_CORT"
"Glutamatergic synapse","Sncg","8/114",0.00431621177763348,0.0400791093637395,0,0,3.31240683163678,18.0373045213778,"GRIA1;GRIN2A;GNG3;DLG4;GRIK2;GLS;GRIA4;GRIN1","females","Users","Human","7/114",0.00000318483521794496,0.000164549819593823,0,0,12.5651937210779,159.039039189305,"GRIA1;PPP3CA;GRIN2A;DLG4;MAPK1;DLGAP1;SLC17A7","males","M_MUT_and_WT_M_P60_CORT"
"Glutamatergic synapse","Sst","12/114",0.0000280761206499968,0.000554503382837438,0,0,4.6863147723155,49.1153490906079,"GRIA2;GRIN2A;GNG3;GRIN3A;GNG2;GNG4;GNAQ;MAPK1;GRIK1;ADCY2;SLC38A2;GRIN2B","females","Users","Human","6/114",0.000237033824806522,0.00912580225505111,0,0,7.51141552511416,62.7000966980831,"GRK3;GRIN3A;TRPC1;GNAS;GRIK1;SLC38A2","males","M_MUT_and_WT_M_P60_CORT"
"GnRH signaling pathway","L2_3_IT","17/90",0.0000519131598304759,0.000558585599775921,0,0,3.42372844734454,33.7782934074199,"CAMK2B;MAP3K2;EGR1;MAP2K1;JUN;PRKCB;CAMK2A;ITPR1;PRKCA;ADCY1;MAPK9;GNAQ;PTK2B;MAPK1;KRAS;CAMK2G;CALM2","females","Users","Human","1/90",0.0267011909686245,0.0452190784458267,0,0,44.7303370786517,162.060118437595,"EGR1","males","M_MUT_and_WT_M_P30_CORT"
"GnRH signaling pathway","Sst","8/90",0.00183871536839338,0.0198079791958742,0,0,3.85852665043962,24.3036559759357,"CDC42;CAMK2D;GNAQ;CAMK2A;MAPK1;ADCY2;CALM3;CALM2","females","Users","Human","3/90",0.0312826621446892,0.133705801775655,0,0,4.57324693358019,15.8448886805926,"CAMK2D;CAMK2A;GNAS","males","M_MUT_and_WT_M_P60_CORT"
"Hepatocellular carcinoma","Endo","3/171",0.0283365436595262,0.135143515914664,0,0,4.7671332046332,16.9881702463891,"CTNNB1;ACTB;ACTG1","females","Users","Human","3/171",0.0238230896856436,0.14402968758571,0,0,5.11387163561077,19.1110497597148,"PRKCG;ARAF;SMARCA2","males","M_MUT_and_WT_M_P120_CORT"
"HIF-1 signaling pathway","L2_3_IT","19/104",0.0000313065329343674,0.000382793516333856,0,0,3.28937831056593,34.1163916115917,"PRKCG;CAMK2B;MAP2K1;PRKCB;RPS6;CAMK2A;PRKCA;ENO1;PIK3CB;ENO2;IGF1R;HK1;LDHA;PFKL;PIK3CA;AKT3;PGK1;MAPK1;CAMK2G","females","Users","Human","3/104",0.022668943121661,0.115960362891574,0,0,5.20012266713397,19.6916135764583,"PRKCG;CAMK2D;ARNT","males","M_MUT_and_WT_M_P120_CORT"
"HIF-1 signaling pathway","Sst","8/104",0.00452129509086624,0.0340874779159764,0,0,3.29344874405974,17.7811874976283,"CAMK2D;PIK3CA;CAMK2A;MAPK1;PIK3R1;IGF1;GAPDH;RBX1","females","Users","Human","3/104",0.0449506773597289,0.164819150319006,0,0,3.93654063392916,12.2118948201194,"CAMK2D;CAMK2A;GAPDH","males","M_MUT_and_WT_M_P60_CORT"
"Huntington disease","Lamp5","23/192",0.000000000492286202677065,0.000000018953018803067,0,0,5.55116970014731,118.9724517175,"COX8A;NDUFB7;NDUFB10;NDUFB11;NDUFA4;COX4I1;NDUFA10;NDUFB2;NDUFA1;COX7A2;UQCR11;COX6A1;COX5B;COX6C;COX7C;COX5A;UQCRH;COX6B1;CREB1;UQCRQ;GNAQ;NDUFAB1;AP2S1","females","Users","Human","4/192",0.0249591002269634,0.0854544686144851,0,0,3.77554149894575,13.9336992733036,"ATP5G3;HAP1;COX7C;SLC25A4","males","M_MUT_and_WT_M_P120_CORT"
"Huntington disease","Pvalb","59/192",0.0000000000000000000000000000000130111921531329,0.00000000000000000000000000000111028839706734,0,0,9.72653856864383,714.117580416078,"NDUFA13;COX7B;NDUFA12;COX4I1;NDUFA10;CLTA;COX6A1;COX7C;UQCRFS1;AP2M1;COX8A;SDHD;COX6B1;NDUFS8;NDUFS7;NDUFS5;NDUFS4;VDAC3;NDUFS3;VDAC2;NDUFS2;VDAC1;SLC25A5;SLC25A4;NDUFB9;NDUFB8;HDAC2;NDUFB7;NDUFB10;UQCRB;NDUFB6;DCTN2;NDUFB11;NDUFB4;NDUFB2;COX7A2;UQCR11;UQCR10;COX5B;COX5A;UQCRH;AP2S1;NDUFV3;CYC1;NDUFV2;POLR2I;NDUFV1;POLR2L;NDUFA8;NDUFA6;NDUFA5;NDUFA4;NDUFA3;NDUFA1;COX6C;SOD1;UQCRQ;NDUFAB1;CYCS","females","Users","Human","3/192",0.004926403585408,0.0423670708345088,0,0,9.51178451178451,50.5375003357703,"COX4I1;ATP5G3;SLC25A4","males","M_MUT_and_WT_M_P120_CORT"
"Huntington disease","Sncg","31/192",0.00000000000000000647905864061044,0.000000000000000421138811639678,0,0,8.88831706595682,351.781425711054,"NDUFB9;NDUFA13;DCTN2;COX4I1;NDUFA10;CLTB;NDUFB2;CLTA;COX7A2;UQCR11;COX6A1;COX5B;COX7C;UQCRH;NDUFV3;NDUFV2;NDUFV1;POLR2L;COX8A;NDUFA4;NDUFA1;COX6C;COX6B1;GRIN1;NDUFS7;UQCRQ;DLG4;NDUFS5;VDAC3;SLC25A5;SLC25A4","females","Users","Human","7/192",0.00101819639894025,0.017648737581631,0,0,4.76659736659737,32.8405329019824,"NDUFA13;GRM5;CLTC;VDAC1;ATP5G3;GRIN2B;SLC25A4","males","M_MUT_and_WT_M_P120_CORT"
"Huntington disease","Sst","29/192",0.00000000000000681260864207545,0.000000000000322917649634376,0,0,7.32021929252056,238.785562747446,"NDUFB9;NDUFA13;DCTN2;NDUFB11;COX4I1;NDUFB2;COX7A2;UQCR11;UQCR10;COX6A1;COX5B;COX5A;UQCRH;UQCRFS1;NDUFV1;COX8A;NDUFA5;NDUFA4;NDUFA1;COX6C;GRIN2B;NDUFS7;UQCRQ;GNAQ;NDUFAB1;CYCS;NDUFS2;SLC25A5;SLC25A4","females","Users","Human","5/192",0.00203250887880006,0.0480195603751876,0,0,5.99173553719008,37.1396789454582,"COX4I1;CLTC;ATP5G3;HAP1;SLC25A4","males","M_MUT_and_WT_M_P120_CORT"
"Huntington disease","Vip","42/192",0.0000000000000000000328200664804922,0.00000000000000000274594556220118,0,0,7.27618528610354,326.433296555724,"NDUFB9;NDUFA13;COX7B;NDUFB7;NDUFA11;NDUFB6;NDUFB11;COX4I1;NDUFA10;NDUFB2;CLTA;COX7A2;UQCR11;COX6A1;COX5B;COX7C;COX5A;UQCRH;NDUFV2;NDUFV1;POLR2L;COX8A;NDUFA6;NDUFA5;NDUFA4;NDUFA1;NDUFC1;COX6C;GRIN2B;COX6B1;SOD1;NDUFS8;UQCRQ;NDUFS6;VDAC3;VDAC2;CYCS;NDUFS2;VDAC1;UQCRC2;HAP1;SLC25A5","females","Users","Human","4/192",0.0197522031079235,0.0778801151112411,0,0,4.07043999173724,15.9744020367182,"COX4I1;CLTC;HAP1;SLC25A4","males","M_MUT_and_WT_M_P120_CORT"
"Hypertrophic cardiomyopathy (HCM)","Sncg","6/86",0.0131377652416172,0.0853954740705117,0,0,3.28129213483146,14.2154249485793,"CACNB2;CACNB4;CACNA2D1;ITGB8;ACTB;ACTG1","females","Users","Human","3/86",0.0332634096016598,0.126563217020949,0,0,4.4625,15.1872141873799,"DMD;ACTB;ACTG1","males","M_MUT_and_WT_M_P120_CORT"
"Inflammatory mediator regulation of TRP channels","L2_3_IT","15/127",0.0162977109015475,0.0572220635824925,0,0,1.96178993250844,8.07616067833679,"PRKCG;CAMK2B;PRKCB;PRKCE;CAMK2A;ITPR1;PRKCA;PIK3CB;ADCY1;PPP1CB;MAPK9;PIK3CA;GNAQ;CALM2;CAMK2G","females","Users","Human","3/127",0.0377458039540668,0.15688099768409,0,0,4.2306594347702,13.8633673627338,"PRKCG;CAMK2D;CALM1","males","M_MUT_and_WT_M_P120_CORT"
"Inflammatory mediator regulation of TRP channels","Sst","9/127",0.00460252866376052,0.0340874779159764,0,0,3.01707021791768,16.2353056442225,"CAMK2D;PIK3CA;GNAQ;CAMK2A;CALM3;ADCY2;PIK3R1;IGF1;CALM2","females","Users","Human","4/127",0.0161236377091633,0.0955015464311981,0,0,4.33421226104153,17.889326326545,"CAMK2D;CAMK2A;GNAS;IL1RAP","males","M_MUT_and_WT_M_P60_CORT"
"Insulin secretion","L2_3_IT","15/86",0.000351348675450507,0.00244839242010152,0,0,3.10147499168238,24.6682991834128,"PRKCG;CAMK2B;ATF2;SNAP25;PRKCB;CAMK2A;ATP1A3;ATP1B3;PRKCA;ADCY1;ATP1A1;PCLO;GNAQ;CAMK2G;VAMP2","females","Users","Human","3/86",0.0137268411551231,0.101426104090631,0,0,6.33361765646657,27.1610996037108,"PRKCG;CAMK2D;ATP1B1","males","M_MUT_and_WT_M_P120_CORT"
"Insulin secretion","Lamp5","6/86",0.0202169716593043,0.186804818131972,0,0,2.9668533604888,11.5743857797263,"RYR2;CREB1;GNAQ;CAMK2A;ADCY1;ATP1B1","females","Users","Human","6/86",0.0000102472664029339,0.00035353069090122,0,0,13.6272935779817,156.557156551884,"CAMK2D;KCNMA1;GNAS;ATP1A3;ATP1B1;VAMP2","males","M_MUT_and_WT_M_P120_CORT"
"Insulin secretion","Sst","6/86",0.020573836415879,0.0937692159723717,0,0,2.95451318458418,11.47454652091,"CAMK2D;GNAQ;KCNMA1;CAMK2A;ADCY2;STX1A","females","Users","Human","5/86",0.000503912815999147,0.0155205147327737,0,0,8.30057949105568,63.0271906363348,"CHRM3;CAMK2D;CAMK2A;GNAS;ATP1B1","males","M_MUT_and_WT_M_P60_CORT"
"Insulin secretion","Vip","7/86",0.0494801481761925,0.351233827666275,0,0,2.20597191815773,6.63155690418987,"SNAP25;RAB3A;PCLO;KCNMB2;ATP1A1;ATP1B1;PRKACB","females","Users","Human","4/86",0.001174171713294,0.0231479566335102,0,0,9.38242955245086,63.3050564767985,"CAMK2D;KCNMA1;ATP1B1;PRKACB","males","M_MUT_and_WT_M_P120_CORT"
"Long-term potentiation","L2_3_IT","18/67",0.000000141601652174027,0.00000524113437726972,0,0,5.4119163055909,85.3472622287073,"PRKCG;CAMK2B;MAP2K1;PRKCB;CAMK2A;ITPR1;PRKCA;ADCY1;GRIN1;PPP1CB;PPP3CB;PPP3R1;GRIN2A;GNAQ;MAPK1;KRAS;CAMK2G;CALM2","females","Users","Human","3/67",0.00695497267312411,0.0688335557291728,0,0,8.22179203539823,40.8483160724663,"PRKCG;CAMK2D;CALM1","males","M_MUT_and_WT_M_P120_CORT"
"Lysosome","Vip","12/124",0.00320953040903593,0.0671326777223349,0,0,2.68025430067315,15.3890302226025,"AP3M2;GNPTG;ATP6V0B;ASAH1;ENTPD4;PSAP;AP1S1;ATP6V1H;CLTA;ATP6V0D1;ATP6V0C;CTSB","females","Users","Human","4/124",0.00444373668494361,0.0417113586172872,0,0,6.39902912621359,34.6588033244227,"ATP6V0B;CLTC;ATP6V0C;ATP6V0A1","males","M_MUT_and_WT_M_P120_CORT"
"Melanogenesis","L2_3_IT","15/100",0.00176316658378794,0.00948583622077912,0,0,2.58869847151459,16.4140151495967,"PRKCG;CAMK2B;MAP2K1;FZD3;PRKCB;CAMK2A;PRKCA;ADCY1;GNAI1;GNAO1;GNAQ;MAPK1;KRAS;CALM2;CAMK2G","females","Users","Human","3/100",0.0204649473810009,0.114653445291092,0,0,5.4156555058845,21.0617103129901,"PRKCG;CAMK2D;CALM1","males","M_MUT_and_WT_M_P120_CORT"
"Melanogenesis","Sst","7/100",0.0126208761624081,0.0748994772843117,0,0,2.96914065914853,12.9822795188936,"CAMK2D;GNAQ;CAMK2A;MAPK1;CALM3;ADCY2;CALM2","females","Users","Human","3/100",0.0407863209421978,0.160922177497539,0,0,4.09970248391337,13.1166230762273,"CAMK2D;CAMK2A;GNAS","males","M_MUT_and_WT_M_P60_CORT"
"Morphine addiction","Sncg","9/92",0.000231177777986878,0.00331249670242374,0,0,4.77550019080848,39.9820326711814,"GABRA2;GABRB2;GABBR2;GNG3;KCNJ6;PDE4D;PDE4B;PDE7B;GABRG1","females","Users","Human","3/92",0.039416753676557,0.133674208120498,0,0,4.16039325842697,13.4528992510439,"GABRA2;SLC32A1;PDE1A","males","M_MUT_and_WT_M_P120_CORT"
"Morphine addiction","Sst","6/92",0.0275946423471329,0.110846275191025,0,0,2.74753526109722,9.8640187760836,"GABRB2;GNG3;GNG2;PDE1C;GNG4;ADCY2","females","Users","Human","4/92",0.00533993130852622,0.0498058314372333,0,0,6.06879606879607,31.7552332910852,"GABRB3;GRK3;KCNJ6;GNAS","males","M_MUT_and_WT_M_P60_CORT"
"Neurotrophin signaling pathway","L2_3_IT","20/121",0.0000861215011337816,0.000795094817304775,0,0,2.913787030877,27.2723224015139,"CAMK2B;MAP2K1;JUN;MAGED1;PDPK1;SORT1;KIDINS220;CAMK2A;ARHGDIG;PIK3CB;FOXO3;MAPK9;RPS6KA5;PIK3CA;ARHGDIA;AKT3;MAPK1;KRAS;CALM2;CAMK2G","females","Users","Human","3/121",0.0334205153673859,0.153238587168824,0,0,4.44712764361782,15.1139427925021,"CAMK2D;MATK;CALM1","males","M_MUT_and_WT_M_P120_CORT"
"Neurotrophin signaling pathway","Pvalb","13/121",0.00389331089108937,0.0474613137199466,0,0,2.50912698412698,13.921879415384,"BEX3;GSK3B;MAGED1;NTRK3;FOXO3;CDC42;MAPK10;MAPK9;RPS6KA2;CALM3;CALM1;CALM2;SH2B1","females","Users","Human","2/121",0.0199996637126266,0.0781805036039039,0,0,9.80968858131488,38.3758923512967,"MATK;CALM1","males","M_MUT_and_WT_M_P120_CORT"
"Nicotine addiction","Sncg","7/40",0.0000277151113987627,0.000540444672275872,0,0,9.32377832377832,97.8393732470917,"GRIA1;GABRA2;GABRB2;GRIN2A;GRIA4;GABRG1;GRIN1","females","Users","Human","3/40",0.00137917692893659,0.0176716681765836,0,0,15.0439504925486,99.0834955304339,"GRIA1;GRIN2A;SLC17A7","males","M_MUT_and_WT_M_P60_CORT"
"Nicotine addiction","Sncg","7/40",0.0000277151113987627,0.000540444672275872,0,0,9.32377832377832,97.8393732470917,"GRIA1;GABRA2;GABRB2;GRIN2A;GRIA4;GABRG1;GRIN1","females","Users","Human","4/40",0.000309152069948967,0.00771332375729752,0,0,13.837176799441,111.827597170763,"GABRA2;GRIA2;SLC32A1;GRIN2B","males","M_MUT_and_WT_M_P120_CORT"
"Nicotine addiction","Sst","5/40",0.00303415815721266,0.0265964550608519,0,0,5.62926547137073,32.6374750907551,"GRIA2;GABRB2;GRIN2A;GRIN3A;GRIN2B","females","Users","Human","2/40",0.0370734198156625,0.150244911884527,0,0,6.95087719298246,22.9021325651351,"GABRB3;GRIN3A","males","M_MUT_and_WT_M_P60_CORT"
"Osteoclast differentiation","L2_3_IT","15/128",0.0174024773899549,0.059256536935416,0,0,1.94432443732144,7.87673575878156,"MAP2K1;JUN;JUND;PIK3CB;CYLD;MAPK9;PPP3R1;PPP3CB;PIK3CA;AKT3;SIRPA;MAPK1;SQSTM1;IFNAR1;JAK1","females","Users","Human","1/128",0.0377952588177754,0.0452190784458267,0,0,31.2866141732283,102.481545231577,"JUNB","males","M_MUT_and_WT_M_P30_CORT"
"Oxidative phosphorylation","Lamp5","22/134",0.00000000000214520896059767,0.000000000495543269898062,0,0,8.01883458646616,215.448316809864,"COX8A;NDUFB7;NDUFB10;NDUFB11;NDUFA4;COX4I1;NDUFA10;NDUFB2;NDUFA1;COX7A2;UQCR11;COX6A1;COX5B;COX6C;COX7C;COX5A;UQCRH;COX6B1;UQCRQ;NDUFAB1;ATP6V1H;ATP6V0C","females","Users","Human","4/134",0.00751112917027886,0.0510623230821914,0,0,5.47609147609148,26.7855866553052,"ATP6V0B;ATP5G3;COX7C;ATP6V0C","males","M_MUT_and_WT_M_P120_CORT"
"Oxidative phosphorylation","Pvalb","51/134",0.00000000000000000000000000000000165692561341143,0.000000000000000000000000000000212086478516663,0,0,13.3841881286614,1010.24312710606,"NDUFA13;COX7B;NDUFA12;COX4I1;NDUFA10;COX6A1;COX7C;UQCRFS1;COX8A;ATP6V1G1;ATP6V0B;SDHD;COX6B1;NDUFS8;NDUFS7;NDUFS5;NDUFS4;NDUFS3;NDUFS2;ATP6V0D1;ATP6V0C;NDUFB9;NDUFB8;NDUFB7;NDUFB10;UQCRB;NDUFB6;NDUFB11;NDUFB4;NDUFB2;COX7A2;UQCR11;UQCR10;COX5B;COX5A;UQCRH;NDUFV3;CYC1;NDUFV2;ATP6V0E2;NDUFV1;ATP6V1F;NDUFA8;NDUFA6;NDUFA5;NDUFA4;NDUFA3;NDUFA1;COX6C;UQCRQ;NDUFAB1","females","Users","Human","3/134",0.00178623461547275,0.0307232353861313,0,0,13.763358778626,87.0896544354216,"COX4I1;ATP5G3;ATP6V0C","males","M_MUT_and_WT_M_P120_CORT"
"Oxidative phosphorylation","Sncg","27/134",0.00000000000000000256501808335894,0.000000000000000250089263127497,0,0,11.5705783812379,468.661257381678,"NDUFB9;NDUFA13;COX4I1;NDUFA10;NDUFB2;COX7A2;UQCR11;COX6A1;COX5B;COX7C;UQCRH;ATP6V1H;NDUFV3;NDUFV2;ATP6V0E2;NDUFV1;COX8A;ATP6V0B;NDUFA4;NDUFA1;COX6C;COX6B1;NDUFS7;UQCRQ;NDUFS5;ATP6V0D1;ATP6V0C","females","Users","Human","4/134",0.0241340337553514,0.104580812939856,0,0,3.81364296081277,14.2025107238274,"NDUFA13;ATP5G3;ATP6V0C;ATP5L","males","M_MUT_and_WT_M_P120_CORT"
"Oxidative phosphorylation","Sst","26/134",0.000000000000000340258162839578,0.0000000000000268803948643266,0,0,9.87037037037037,351.551274321347,"NDUFB9;NDUFA13;NDUFB11;COX4I1;NDUFB2;COX7A2;UQCR11;UQCR10;COX6A1;COX5B;COX5A;UQCRH;ATP6V1H;UQCRFS1;NDUFV1;ATP6V1F;COX8A;NDUFA5;NDUFA4;NDUFA1;COX6C;NDUFS7;UQCRQ;NDUFAB1;NDUFS2;ATP6V0C","females","Users","Human","3/134",0.0246455853531249,0.197164682824999,0,0,5.03206106870229,18.6345146251892,"COX4I1;ATP5G3;ATP6V0C","males","M_MUT_and_WT_M_P120_CORT"
"Oxidative phosphorylation","Sst","26/134",0.000000000000000340258162839578,0.0000000000000268803948643266,0,0,9.87037037037037,351.551274321347,"NDUFB9;NDUFA13;NDUFB11;COX4I1;NDUFB2;COX7A2;UQCR11;UQCR10;COX6A1;COX5B;COX5A;UQCRH;ATP6V1H;UQCRFS1;NDUFV1;ATP6V1F;COX8A;NDUFA5;NDUFA4;NDUFA1;COX6C;NDUFS7;UQCRQ;NDUFAB1;NDUFS2;ATP6V0C","females","Users","Human","4/134",0.0192411165983196,0.0979378010129479,0,0,4.0993762993763,16.1954297230371,"ATP5A1;ATP6V1B2;COX5B;ATP6V0C","males","M_MUT_and_WT_M_P60_CORT"
"Oxidative phosphorylation","Vip","40/134",0.000000000000000000000000953773499585124,0.000000000000000000000237142859786138,0,0,11.0603607770583,611.741600813016,"NDUFB9;NDUFA13;COX7B;NDUFB7;NDUFA11;NDUFB6;NDUFB11;COX4I1;NDUFA10;NDUFB2;COX7A2;UQCR11;COX6A1;COX5B;COX7C;COX5A;UQCRH;ATP6V1H;COX11;NDUFV2;ATP6V0E2;NDUFV1;ATP6V1F;COX8A;ATP6V0B;NDUFA6;NDUFA5;NDUFA4;NDUFA1;NDUFC1;COX6C;COX6B1;NDUFS8;PPA2;UQCRQ;NDUFS6;NDUFS2;UQCRC2;ATP6V0D1;ATP6V0C","females","Users","Human","4/134",0.00584069041054002,0.0424218566660275,0,0,5.90380881254668,30.3627353479859,"ATP6V0B;COX4I1;ATP6V0C;ATP6V0A1","males","M_MUT_and_WT_M_P120_CORT"
"Oxytocin signaling pathway","Endo","3/154",0.0216309388135633,0.127725543470564,0,0,5.30839448720243,20.3504237375661,"CALM1;ACTB;ACTG1","females","Users","Human","3/154",0.0181307483853631,0.142964477958137,0,0,5.69450043190325,22.8357779936235,"PRKCG;CALM1;CACNG3","males","M_MUT_and_WT_M_P120_CORT"
"Oxytocin signaling pathway","L2_3_IT","29/154",0.000000148207457664397,0.00000524113437726972,0,0,3.43382165605096,53.995653331325,"CAMK2B;GUCY1B1;ROCK2;CAMK2A;ITPR1;ADCY1;GNAI1;CAMKK2;PPP1CB;PPP3R1;PPP3CB;CACNG8;MAPK1;CACNG3;CAMK2G;KCNJ3;PRKCG;GUCY1A2;MAP2K1;JUN;CAMK1D;PRKCB;CACNA2D1;PRKCA;GNAO1;GNAQ;KRAS;PPP1R12B;CALM2","females","Users","Human","6/154",0.000279458493971623,0.0185839898491129,0,0,7.27371007371007,59.5182730314316,"PRKCG;CAMK2D;ROCK2;CALM1;ACTB;ACTG1","males","M_MUT_and_WT_M_P120_CORT"
"Oxytocin signaling pathway","L6","12/154",0.000957331116898105,0.0160011058110112,0,0,3.10394687516735,21.5766559732475,"CAMK2B;RYR2;MYL6;KCNJ6;CAMK1D;PLCB4;GNAQ;CAMK2A;GNAS;MAPK1;KRAS;ADCY1","females","Users","Human","3/154",0.00156044940580071,0.048075853503287,0,0,14.5835172921266,94.2500845728984,"CALM1;ACTB;ACTG1","males","M_MUT_and_WT_M_P120_CORT"
"Oxytocin signaling pathway","Lamp5","9/154",0.0149846183514003,0.182181412588078,0,0,2.46215375918598,10.3428457393073,"GUCY1A2;RYR2;MEF2C;MYL6;KCNJ6;GNAQ;CAMK2A;MAPK1;ADCY1","females","Users","Human","5/154",0.00197242985620533,0.0259159789347546,0,0,6.02074435631483,37.5001403969175,"CAMK2D;GNAS;CALM1;ACTB;ACTG1","males","M_MUT_and_WT_M_P120_CORT"
"Oxytocin signaling pathway","Pvalb","13/154",0.0262227297159153,0.204529299245325,0,0,1.91854103343465,6.98565481495103,"GUCY1A2;RYR2;MEF2C;PRKAA1;KCNJ6;CACNA1C;ACTB;MYL6;CALM3;CALM1;CACNG2;PRKACB;CALM2","females","Users","Human","3/154",0.00265323726864059,0.0325969150147272,0,0,11.9283564118001,70.7587093269255,"CALM1;ACTB;ACTG1","males","M_MUT_and_WT_M_P120_CORT"
"Oxytocin signaling pathway","Sncg","9/154",0.00833650405927975,0.0600992596502927,0,0,2.72485567171166,13.0441874533122,"GUCY1A2;CACNB2;MEF2C;KCNJ6;CACNB4;CACNA2D1;CALM2;ACTB;ACTG1","females","Users","Human","5/154",0.00864274550708321,0.0499358629298141,0,0,4.18146291733922,19.8662765862621,"CAMK2D;CAMK2A;CALM1;ACTB;ACTG1","males","M_MUT_and_WT_M_P120_CORT"
"Oxytocin signaling pathway","Sncg","9/154",0.00833650405927975,0.0600992596502927,0,0,2.72485567171166,13.0441874533122,"GUCY1A2;CACNB2;MEF2C;KCNJ6;CACNB4;CACNA2D1;CALM2;ACTB;ACTG1","females","Users","Human","5/154",0.00162188578438032,0.0179565926127822,0,0,6.30904442313838,40.5303470497948,"CAMK2B;PPP3CA;ROCK2;CAMK2A;MAPK1","males","M_MUT_and_WT_M_P60_CORT"
"Oxytocin signaling pathway","Sst","14/154",0.000032770777611147,0.00059743648414168,0,0,3.9919587628866,41.2208598644338,"GUCY1A2;MEF2C;CAMK2D;ROCK2;CACNA2D1;CAMK2A;CACNA2D3;ADCY2;CACNG8;CACNB4;GNAQ;MAPK1;CALM3;CALM2","females","Users","Human","5/154",0.006486548319002,0.0554960245070171,0,0,4.49687257453317,22.6553552643152,"CAMK2D;KCNJ6;CAMK2A;GNAS;CACNA2D2","males","M_MUT_and_WT_M_P60_CORT"
"Oxytocin signaling pathway","Sst","14/154",0.000032770777611147,0.00059743648414168,0,0,3.9919587628866,41.2208598644338,"GUCY1A2;MEF2C;CAMK2D;ROCK2;CACNA2D1;CAMK2A;CACNA2D3;ADCY2;CACNG8;CACNB4;GNAQ;MAPK1;CALM3;CALM2","females","Users","Human","3/154",0.0351338801142158,0.245937160799511,0,0,4.36114790286976,14.6036935026201,"CALM1;ACTB;ACTG1","males","M_MUT_and_WT_M_P120_CORT"
"Oxytocin signaling pathway","Vip","12/154",0.0170094191552143,0.185624530780817,0,0,2.11068505272473,8.59890561966133,"CACNB2;MEF2C;MYL6;KCNJ6;CACNA2D1;CALM1;PRKACB;CALM2;ACTB;RHOA;EGFR;ACTG1","females","Users","Human","5/154",0.00143491932691719,0.0247523583893215,0,0,6.49559152520068,42.5243424951512,"CAMK2D;CALM1;PRKACB;ACTB;ACTG1","males","M_MUT_and_WT_M_P120_CORT"
"Parathyroid hormone synthesis, secretion and action","L2_3_IT","16/107",0.0013028646147514,0.00730147044516929,0,0,2.58041721871509,17.1422015766692,"PRKCG;ATF2;EGR1;MAP2K1;JUND;PRKCB;PDE4D;ITPR1;PRKCA;ADCY1;GNAI1;GNAQ;MMP17;PDE4B;MAPK1;MEF2D","females","Users","Human","1/107",0.0316774286006728,0.0452190784458267,0,0,37.5245283018868,129.540333520458,"EGR1","males","M_MUT_and_WT_M_P30_CORT"
"Parkinson disease","Lamp5","21/144",0.000000000069699621796713,0.00000000402515315876017,0,0,6.95121951219512,162.56696277892,"COX8A;NDUFB7;NDUFB10;NDUFB11;NDUFA4;COX4I1;NDUFA10;NDUFB2;NDUFA1;COX7A2;UQCR11;COX6A1;COX5B;COX6C;COX7C;COX5A;UQCRH;COX6B1;UCHL1;UQCRQ;NDUFAB1","females","Users","Human","4/144",0.009620437682152,0.0510623230821914,0,0,5.08236808236808,23.6018338886837,"UCHL1;ATP5G3;COX7C;SLC25A4","males","M_MUT_and_WT_M_P120_CORT"
"Parkinson disease","Pvalb","56/144",0.00000000000000000000000000000000000027507271414128,0.0000000000000000000000000000000000704186148201677,0,0,13.9376114081996,1173.32085640282,"NDUFA13;COX7B;NDUFA12;COX4I1;NDUFA10;PARK7;COX6A1;COX7C;UCHL1;UQCRFS1;PRKACB;COX8A;SDHD;COX6B1;NDUFS8;NDUFS7;NDUFS5;NDUFS4;VDAC3;NDUFS3;VDAC2;NDUFS2;VDAC1;SLC25A5;SLC25A4;NDUFB9;NDUFB8;NDUFB7;NDUFB10;UQCRB;NDUFB6;NDUFB11;NDUFB4;NDUFB2;COX7A2;UQCR11;UQCR10;COX5B;COX5A;UQCRH;UBB;NDUFV3;CYC1;NDUFV2;NDUFV1;NDUFA8;NDUFA6;NDUFA5;NDUFA4;NDUFA3;NDUFA1;UBE2G2;COX6C;UQCRQ;NDUFAB1;CYCS","females","Users","Human","4/144",0.000126919781385289,0.0102486027933003,0,0,17.7,158.803609052693,"UCHL1;COX4I1;ATP5G3;SLC25A4","males","M_MUT_and_WT_M_P120_CORT"
"Parkinson disease","Sncg","29/144",0.000000000000000000141153008718689,0.0000000000000000275248367001443,0,0,11.6131465073151,504.062149619328,"NDUFB9;NDUFA13;COX4I1;NDUFA10;NDUFB2;COX7A2;UQCR11;COX6A1;COX5B;COX7C;UQCRH;UCHL1;UBB;NDUFV3;NDUFV2;NDUFV1;COX8A;NDUFA4;NDUFA1;UBE2G2;COX6C;COX6B1;GNAL;NDUFS7;UQCRQ;NDUFS5;VDAC3;SLC25A5;SLC25A4","females","Users","Human","5/144",0.00655930648051593,0.044489209172195,0,0,4.48456424733631,22.5433232765347,"NDUFA13;UCHL1;VDAC1;ATP5G3;SLC25A4","males","M_MUT_and_WT_M_P120_CORT"
"Parkinson disease","Sst","28/144",0.0000000000000000228359778618038,0.00000000000000270606337662375,0,0,9.93447543744051,380.671161125869,"NDUFB9;NDUFA13;NDUFB11;COX4I1;NDUFB2;COX7A2;UQCR11;PARK7;UQCR10;COX6A1;COX5B;COX5A;UQCRH;UQCRFS1;NDUFV1;SNCA;COX8A;NDUFA5;NDUFA4;NDUFA1;COX6C;NDUFS7;UQCRQ;NDUFAB1;CYCS;NDUFS2;SLC25A5;SLC25A4","females","Users","Human","4/144",0.00458554860705037,0.0805940763016301,0,0,6.34574638844302,34.1708640607273,"UCHL1;COX4I1;ATP5G3;SLC25A4","males","M_MUT_and_WT_M_P120_CORT"
"Parkinson disease","Vip","41/144",0.00000000000000000000000188958454012859,0.000000000000000000000237142859786138,0,0,10.3554718974969,565.674748456686,"NDUFB9;NDUFA13;COX7B;NDUFB7;NDUFA11;NDUFB6;NDUFB11;COX4I1;NDUFA10;NDUFB2;COX7A2;UQCR11;PARK7;COX6A1;COX5B;COX7C;COX5A;UQCRH;UCHL1;NDUFV2;PRKACB;NDUFV1;COX8A;NDUFA6;NDUFA5;NDUFA4;NDUFA1;NDUFC1;UBE2G2;COX6C;COX6B1;NDUFS8;UQCRQ;NDUFS6;VDAC3;VDAC2;CYCS;NDUFS2;VDAC1;UQCRC2;SLC25A5","females","Users","Human","4/144",0.00750382426947479,0.0470694431448873,0,0,5.47933425797503,26.8067797841873,"UCHL1;COX4I1;PRKACB;SLC25A4","males","M_MUT_and_WT_M_P120_CORT"
"Phagosome","L2_3_IT","19/180",0.0227598585377942,0.0755852092181068,0,0,1.7295438265972,6.54244381819501,"ATP6V1A;DYNC1H1;RAB5B;ATP6AP1;TUBB4B;TUBB4A;TUBA4A;DYNC1LI2;TUBA1B;TUBB2A;LAMP1;CANX;ATP6V1B2;ITGAV;ATP6V0D1;ATP6V0E2;ATP6V1D;ATP6V1C1;ATP6V0A1","females","Users","Human","4/180",0.0208433205083545,0.114653445291092,0,0,3.99918831168831,15.4797451459042,"ATP6V0C;ACTB;DYNC1I1;ACTG1","males","M_MUT_and_WT_M_P120_CORT"
"Phagosome","Pvalb","14/180",0.0395708822292585,0.259747329504876,0,0,1.7545694328469,5.66666574713219,"DYNC1H1;ATP6V1G1;ATP6V0B;ACTB;DYNC1LI1;TUBB2A;TUBB3;CTSL;CALR;ATP6V0D1;ATP6V0E2;RAB5A;ATP6V0C;ATP6V1F","females","Users","Human","3/180",0.00411516285647956,0.0393226672952491,0,0,10.1628145865434,55.8251217326819,"ATP6V0C;ACTB;ACTG1","males","M_MUT_and_WT_M_P120_CORT"
"Phagosome","Sncg","12/180",0.000818992991323481,0.00998147708175492,0,0,3.15343312723723,22.4128210788081,"DYNC1I2;DYNC1H1;TUBA1B;ATP6V0B;TUBA1A;SEC61G;ATP6V1H;ATP6V0D1;ATP6V0E2;ATP6V0C;ACTB;ACTG1","females","Users","Human","5/180",0.0161076551508319,0.0785248188603057,0,0,3.55551537070524,14.6788052798929,"CANX;ATP6V0C;ACTB;DYNC1I1;ACTG1","males","M_MUT_and_WT_M_P120_CORT"
"Phagosome","Vip","12/180",0.0483173184052622,0.351233827666275,0,0,1.78160059835453,5.39818785513719,"TUBA1B;ATP6V0B;TUBB2A;SEC61G;ATP6V1H;ATP6V0D1;ATP6V0E2;ATP6V0C;ACTB;DYNC1I1;ACTG1;ATP6V1F","females","Users","Human","5/180",0.00283356458924052,0.0355483557559265,0,0,5.52324929971989,32.4005943347083,"ATP6V0B;ATP6V0C;ACTB;ACTG1;ATP6V0A1","males","M_MUT_and_WT_M_P120_CORT"
"Platelet activation","Lamp5","8/125",0.0128927224725375,0.175189346538597,0,0,2.71071260028315,11.7945606581507,"ITGB1;GUCY1A2;ARHGEF12;GNAQ;AKT3;MAPK1;ADCY1;RASGRP1","females","Users","Human","3/125",0.0354926802385581,0.10619030379081,0,0,4.33906615925059,14.4856634060855,"GNAS;ACTB;ACTG1","males","M_MUT_and_WT_M_P120_CORT"
"Protein processing in endoplasmic reticulum","Oligo","6/163",0.000298869430932693,0.0277948570767405,0,0,7.18180163785259,58.2839382371671,"DNAJB2;HSP90AA1;HSPH1;HSP90AB1;CRYAB;HSPA1A","females","Users","Human","1/163",0.0400948972290188,0.0400948972290188,0,0,30.6064814814815,98.4459375651455,"CRYAB","males","M_MUT_and_WT_M_P120_CORT"
"Protein processing in endoplasmic reticulum","Pvalb","14/163",0.0189110325648477,0.179421662120246,0,0,1.95651242976647,7.76346048267783,"HSPA8;HSP90AB1;SSR4;UBE2G2;RBX1;DNAJB2;MAPK10;DNAJB1;ERLEC1;MAPK9;HSPH1;ERP29;SSR1;CALR","females","Users","Human","3/163",0.00483294299584291,0.0483294299584291,0,0,9.51826923076923,50.7542639825766,"HSP90AA1;HSP90AB1;HSP90B1","males","M_MUT_and_WT_M_P60_CORT"
"Proteoglycans in cancer","Endo","6/203",0.000132257200698188,0.00470441578778036,0,0,8.46185743905055,75.5708352137431,"RPS6;FN1;TIMP3;CTNNB1;ACTB;ACTG1","females","Users","Human","4/203",0.00619127550668136,0.0675880909479382,0,0,5.83180608926988,29.6524837864901,"PRKCG;CDC42;DDX5;ARAF","males","M_MUT_and_WT_M_P120_CORT"
"Proteoglycans in cancer","L2_3_IT","22/203",0.0113750712995645,0.0437127739940407,0,0,1.78365113318723,7.98421294284604,"PRKCG;CAMK2B;FZD3;MAP2K1;PRKCB;PDPK1;ROCK2;RPS6;CAMK2A;ITPR1;PRKCA;PIK3CB;IGF1R;PPP1CB;PIK3CA;AKT3;MAPK1;ITGAV;KRAS;PPP1R12B;CAMK2G;EIF4B","females","Users","Human","6/203",0.00119435970817209,0.0307270956930751,0,0,5.45094600830641,36.6856572752159,"PRKCG;DDX5;CAMK2D;ROCK2;ACTB;ACTG1","males","M_MUT_and_WT_M_P120_CORT"
"Proteoglycans in cancer","L6","11/203",0.0218571806649564,0.0866878012813526,0,0,2.09489642631246,8.00926201696586,"CAMK2B;CDC42;PIK3CA;GPC1;STAT3;CAMK2A;MAPK1;FRS2;ITGAV;KRAS;IGF1R","females","Users","Human","2/203",0.0370206464175897,0.104451109535342,0,0,7.02523098791756,23.1571249632817,"ACTB;ACTG1","males","M_MUT_and_WT_M_P120_CORT"
"Rap1 signaling pathway","Endo","4/209",0.00865683762496161,0.0771108278541419,0,0,5.27043100567992,25.0314155522307,"CTNNB1;CALM1;ACTB;ACTG1","females","Users","Human","3/209",0.0396501061033054,0.176516572903889,0,0,4.16251582946391,13.4351927307051,"PRKCG;CDC42;CALM1","males","M_MUT_and_WT_M_P120_CORT"
"Rap1 signaling pathway","L2_3_IT","21/209",0.0281459648277893,0.0859128904391673,0,0,1.6372668664153,5.8456178522778,"PRKCG;MAP2K1;PRKCB;CTNND1;PRKCA;ADCY1;PIK3CB;GNAI1;GRIN1;IGF1R;GNAO1;GRIN2A;SIPA1L1;PIK3CA;CNR1;GNAQ;AKT3;MAPK1;KRAS;CALM2;PFN2","females","Users","Human","6/209",0.00138618476810865,0.0307270956930751,0,0,5.28822212270488,34.8028478399526,"PRKCG;DOCK4;CALM1;RAPGEF6;ACTB;ACTG1","males","M_MUT_and_WT_M_P120_CORT"
"Rap1 signaling pathway","L6","13/209",0.00445388893326108,0.0359382762201067,0,0,2.43399416909621,13.1775900240766,"INSR;ADCY1;IGF1R;CDC42;GRIN2A;SIPA1L1;PLCB4;PIK3CA;GNAQ;GNAS;MAPK1;KRAS;RALGDS","females","Users","Human","3/209",0.0037094043101355,0.048075853503287,0,0,10.6601941747573,59.6638699850404,"CALM1;ACTB;ACTG1","males","M_MUT_and_WT_M_P120_CORT"
"Regulation of actin cytoskeleton","Endo","4/217",0.00984259011675908,0.0771108278541419,0,0,5.07042253521127,23.4306069936706,"CXCL12;FN1;ACTB;ACTG1","females","Users","Human","3/217",0.0435202113830246,0.178160865349257,0,0,4.00528240552621,12.5546771348377,"CDC42;ABI2;ARAF","males","M_MUT_and_WT_M_P120_CORT"
"Retrograde endocannabinoid signaling","Sncg","20/150",0.000000000186083587637302,0.00000000453578744865923,0,0,6.93164376227021,155.302266476787,"GRIA1;GABRA2;GABRB2;NDUFB9;NDUFA13;KCNJ6;NDUFA4;NDUFA10;NDUFB2;NDUFA1;GABRG1;GNG3;NDUFS7;CNR1;NDUFS5;NDUFV3;NDUFV2;NDUFV1;MGLL;GRIA4","females","Users","Human","5/150",0.00776120292842818,0.0470730217351261,0,0,4.29768659973811,20.8808172150631,"GABRA2;GRIA2;NDUFA13;GRM5;SLC32A1","males","M_MUT_and_WT_M_P120_CORT"
"Retrograde endocannabinoid signaling","Sncg","20/150",0.000000000186083587637302,0.00000000453578744865923,0,0,6.93164376227021,155.302266476787,"GRIA1;GABRA2;GABRB2;NDUFB9;NDUFA13;KCNJ6;NDUFA4;NDUFA10;NDUFB2;NDUFA1;GABRG1;GNG3;NDUFS7;CNR1;NDUFS5;NDUFV3;NDUFV2;NDUFV1;MGLL;GRIA4","females","Users","Human","2/150",0.0412951772130808,0.349477326317705,0,0,6.52900461437047,20.8080001254733,"MAPK9;GRIA3","males","M_MUT_and_WT_M_P30_CORT"
"Retrograde endocannabinoid signaling","Sncg","20/150",0.000000000186083587637302,0.00000000453578744865923,0,0,6.93164376227021,155.302266476787,"GRIA1;GABRA2;GABRB2;NDUFB9;NDUFA13;KCNJ6;NDUFA4;NDUFA10;NDUFB2;NDUFA1;GABRG1;GNG3;NDUFS7;CNR1;NDUFS5;NDUFV3;NDUFV2;NDUFV1;MGLL;GRIA4","females","Users","Human","3/150",0.0499397428990815,0.154338090765497,0,0,3.76559221819569,11.2852469472092,"GRIA1;MAPK1;SLC17A7","males","M_MUT_and_WT_M_P60_CORT"
"Ribosome","L2_3_IT","32/170",0.0000000345158035015535,0.00000261611398310951,0,0,3.43791711486635,59.0697711788716,"RPL4;RPL3;RPL32;RPL36A;RPL8;RPL9;MRPL32;RPS15;RPS14;RPL7A;RPL36;RPL35;RPLP2;RPL37;RPS27A;RPL39;RPS13;RPS12;RPS5;RPL22;RPS6;RPL23A;RPS26;RPS25;RPS29;RPL37A;RPL24;RPL26;RPL28;RPS21;RPS24;RPS23","females","Users","Human","5/170",0.00314136899930865,0.0502161744738318,0,0,5.38329238329238,31.0244339611678,"RPS16;RPS19;RPS7;RPL8;RPL19","males","M_MUT_and_WT_M_P120_CORT"
"Ribosome","Pvalb","30/170",0.000000000222300996372224,0.00000000632322834125438,0,0,4.54415293553031,101.002836461967,"MRPS16;RPL34;RPLP1;RPL12;MRPL16;MRPL15;RPL8;RPL10A;RPL6;RPS14;MRPL20;RPL7A;RPS18;RPS3;RPL18;RPL17;RPS12;RPL19;RPL41;RPS8;RPL22;MRPS21;RPSA;RPS28;RPS27;RPL24;RPL26;RPL29;RPL28;RPS21","females","Users","Human","2/170",0.0374655855608566,0.106167422046478,0,0,6.93137254901961,22.764932033541,"RPS8;RPL8","males","M_MUT_and_WT_M_P120_CORT"
"Ribosome","Sncg","13/170",0.000132016123521161,0.00214526200721886,0,0,3.66599773143705,32.7468418263511,"RPL30;RPL41;RPL10;RPL34;RPLP1;MRPS21;RPS28;RPLP2;RPL15;FAU;RPS27A;RPS21;RPL17","females","Users","Human","10/170",0.00000135902593092628,0.00010600402261225,0,0,8.03799019607843,108.583138507066,"RPL30;RPS16;RPS7;RPS8;RPL23;RPL11;RPSA;RPL8;RPS11;RPL19","males","M_MUT_and_WT_M_P120_CORT"
"Ribosome","Sst","20/170",0.00000000982524282246145,0.000000258731394324818,0,0,5.38649965205289,99.3179555960265,"RPL30;RPL34;RPLP1;RPL22;MRPS21;RPL10A;RPL7A;RPS28;RPS18;RPL36;RPL35;RPL26;FAU;RPL18;RPS27A;RPS21;RPL17;RPS13;RPS12;RPS23","females","Users","Human","3/170",0.0449341760056141,0.246642324997651,0,0,3.94011976047904,12.2244446287907,"RPS16;FAU;RPL8","males","M_MUT_and_WT_M_P120_CORT"
"Salivary secretion","Endo","2/78",0.0363967556239133,0.155627506805698,0,0,6.96385964912281,23.0731865324961,"CST3;CALM1","females","Users","Human","3/78",0.00280496565774419,0.0524929287377841,0,0,11.5089855072464,67.6309879192295,"PRKCG;CST3;CALM1","males","M_MUT_and_WT_M_P120_CORT"
"Salivary secretion","L2_3_IT","15/78",0.000114115525180369,0.000959283633547479,0,0,3.4968128983877,31.7451138915497,"PRKCG;GUCY1A2;GUCY1B1;PRKCB;ITPR1;ATP2B4;ATP1A3;ATP1B3;PRKCA;ATP2B2;ADCY1;ATP1A1;GNAQ;CALM2;VAMP2","females","Users","Human","3/78",0.010549476686855,0.0825341411383359,0,0,7.01203539823009,31.9165344336869,"PRKCG;ATP1B1;CALM1","males","M_MUT_and_WT_M_P120_CORT"
"Salivary secretion","Lamp5","5/78",0.0447291847776504,0.313104293443552,0,0,2.70492259717118,8.40454368004657,"GUCY1A2;GNAQ;ADCY1;ATP1B1;ADRA1A","females","Users","Human","6/78",0.00000581096251439188,0.000267304275662026,0,0,15.1475535168196,182.615335461085,"KCNMA1;GNAS;ATP1A3;ATP1B1;CALM1;VAMP2","males","M_MUT_and_WT_M_P120_CORT"
"Salivary secretion","Sncg","6/78",0.00833140973569664,0.0600992596502927,0,0,3.64737827715356,17.4626354124504,"CST3;GUCY1A2;ATP2B2;ATP1A1;ATP1B1;CALM2","females","Users","Human","4/78",0.00379819732236697,0.0329177101271804,0,0,6.71868094509604,37.44474556112,"CST3;ATP1B1;CALM1;VAMP2","males","M_MUT_and_WT_M_P120_CORT"
"Salivary secretion","Sst","6/78",0.0132505389432105,0.0748994772843117,0,0,3.2841446923597,14.1997124089631,"GUCY1A2;GNAQ;KCNMA1;ADCY2;CALM3;CALM2","females","Users","Human","3/78",0.0216248145161719,0.100915801075469,0,0,5.30818791946309,20.3511349359369,"CHRM3;GNAS;ATP1B1","males","M_MUT_and_WT_M_P60_CORT"
"Salivary secretion","Sst","6/78",0.0132505389432105,0.0748994772843117,0,0,3.2841446923597,14.1997124089631,"GUCY1A2;GNAQ;KCNMA1;ADCY2;CALM3;CALM2","females","Users","Human","3/78",0.00575671973583072,0.0805940763016301,0,0,8.81422222222222,45.4583591303605,"CST3;ATP1B1;CALM1","males","M_MUT_and_WT_M_P120_CORT"
"Salivary secretion","Vip","8/78",0.0106297953457755,0.133403931589482,0,0,2.85029761904762,12.9520212761135,"CST3;ATP2B2;ATP1A1;ATP2B1;ATP1B1;CALM1;PRKACB;CALM2","females","Users","Human","4/78",0.000814908813064842,0.0187429027004914,0,0,10.4009446339543,73.9760357496209,"KCNMA1;ATP1B1;CALM1;PRKACB","males","M_MUT_and_WT_M_P120_CORT"
"Salmonella infection","L2_3_IT","10/78",0.0272748978710669,0.0859128904391673,0,0,2.15074971164937,7.74654555991464,"MAPK9;DYNC1H1;DYNC1LI2;JUN;KLC2;ROCK2;MAPK1;WASL;KLC1;PFN2","females","Users","Human","4/78",0.00110117511536403,0.0307270956930751,0,0,9.56081081081081,65.1222905169865,"ROCK2;ACTB;DYNC1I1;ACTG1","males","M_MUT_and_WT_M_P120_CORT"
"Salmonella infection","Pvalb","8/78",0.0271640475560198,0.204529299245325,0,0,2.37402029664325,8.56038710836335,"CDC42;MAPK10;DYNC1LI1;MAPK9;DYNC1H1;ARPC2;PFN1;ACTB","females","Users","Human","2/78",0.0086815795559782,0.0466634901133828,0,0,15.3931888544892,73.0645681167854,"ACTB;ACTG1","males","M_MUT_and_WT_M_P120_CORT"
"Salmonella infection","Sncg","5/78",0.0314690714864396,0.165850511887993,0,0,2.99096996129983,10.3450175721714,"DYNC1I2;DYNC1H1;ARPC5;ACTB;ACTG1","females","Users","Human","3/78",0.0259086178777682,0.108874625634859,0,0,4.9405,18.048533957212,"ACTB;DYNC1I1;ACTG1","males","M_MUT_and_WT_M_P120_CORT"
"Salmonella infection","Sst","5/78",0.0453715066287836,0.158133045162084,0,0,2.6936941933337,8.33124859486458,"CDC42;DYNC1I2;ROCK2;ARPC3;MAPK1","females","Users","Human","3/78",0.00575671973583072,0.0805940763016301,0,0,8.81422222222222,45.4583591303605,"ACTB;DYNC1I1;ACTG1","males","M_MUT_and_WT_M_P120_CORT"
"Synaptic vesicle cycle","L2_3_IT","21/77",0.00000000976100891438223,0.00000131285569898441,0,0,5.53570015822785,102.105270162161,"NSF;NAPA;ATP6V1A;SNAP25;UNC13A;CLTC;CACNA1B;AP2A2;CPLX1;STX1B;SLC6A7;ATP6V1B2;AP2S1;SLC17A7;ATP6V0D1;ATP6V0E2;ATP6V1D;AP2M1;VAMP2;ATP6V1C1;ATP6V0A1","females","Users","Human","4/77",0.001049353499576,0.0307270956930751,0,0,9.69227005870841,66.4849117270211,"SYT1;CLTC;SLC17A7;ATP6V0C","males","M_MUT_and_WT_M_P120_CORT"
"Synaptic vesicle cycle","Lamp5","7/77",0.00301366701212479,0.0580130899834022,0,0,3.96591836734694,23.0205604957317,"RIMS1;AP2S1;ATP6V1H;STX3;SLC6A1;CPLX2;ATP6V0C","females","Users","Human","5/77",0.0000818083716394022,0.00188159254770625,0,0,12.5082070707071,117.716375027513,"ATP6V0B;SYT1;ATP6V0C;DNM1;VAMP2","males","M_MUT_and_WT_M_P120_CORT"
"Synaptic vesicle cycle","Pvalb","15/77",0.00000197677362957816,0.0000506054049172008,0,0,5.06652337643882,66.5439435994992,"NSF;SNAP25;ATP6V1G1;ATP6V0B;RAB3A;SYT1;CLTA;CPLX1;AP2S1;ATP6V0D1;ATP6V0E2;ATP6V0C;AP2M1;STX1A;ATP6V1F","females","Users","Human","3/77",0.000357509399766291,0.0102486027933003,0,0,24.4348894348894,193.923807964524,"DNM3;SYT1;ATP6V0C","males","M_MUT_and_WT_M_P120_CORT"
"Synaptic vesicle cycle","Sncg","10/77",0.00000875312132897963,0.000189650962127892,0,0,6.59356279825363,76.7892930095643,"SNAP25;ATP6V0B;STXBP1;CLTB;CLTA;ATP6V1H;ATP6V0D1;ATP6V0E2;ATP6V0C;DNM1","females","Users","Human","3/77",0.0088167622551491,0.0639171427470568,0,0,7.50795655468553,35.5208975174704,"NSF;UNC13A;SLC17A7","males","M_MUT_and_WT_M_P60_CORT"
"Synaptic vesicle cycle","Sncg","10/77",0.00000875312132897963,0.000189650962127892,0,0,6.59356279825363,76.7892930095643,"SNAP25;ATP6V0B;STXBP1;CLTB;CLTA;ATP6V1H;ATP6V0D1;ATP6V0E2;ATP6V0C;DNM1","females","Users","Human","7/77",0.00000312692312342135,0.00016260000241791,0,0,12.6711538461538,160.612717219994,"NSF;SLC32A1;SYT1;STXBP1;CLTC;ATP6V0C;VAMP2","males","M_MUT_and_WT_M_P120_CORT"
"Synaptic vesicle cycle","Vip","12/77",0.0000387222705076504,0.00107992109971336,0,0,4.62964156262586,47.0329714975763,"NSF;SNAP25;ATP6V0B;RAB3A;CLTA;ATP6V1H;ATP6V0D1;ATP6V0E2;ATP6V0C;CPLX1;DNM1;ATP6V1F","females","Users","Human","6/77",0.00000354658687690892,0.000244714494506715,0,0,16.585134569795,208.135558591483,"DNM3;ATP6V0B;SYT1;CLTC;ATP6V0C;ATP6V0A1","males","M_MUT_and_WT_M_P120_CORT"
"Thermogenesis","Lamp5","25/231",0.000000000757706973248461,0.0000000250043301171992,0,0,4.96158672042126,104.196915222162,"NDUFB7;NDUFB10;NDUFB11;COX4I1;NDUFA10;NDUFB2;UQCR11;COX7A2;ADCY1;COX5B;COX6A1;COX7C;COX5A;UQCRH;COX8A;NDUFA4;NDUFA1;ACSL3;COX6C;ARID1B;COX6B1;CREB1;UQCRQ;NDUFAB1;MGLL","females","Users","Human","5/231",0.0108227539506801,0.0533407158997803,0,0,3.95394207562349,17.8959550760091,"GNAS;ATP5G3;COX7C;ACTB;ACTG1","males","M_MUT_and_WT_M_P120_CORT"
"Thermogenesis","Pvalb","54/231",0.000000000000000000000015282930036764,0.000000000000000000000652071681568596,0,0,6.63532991359638,348.589085498614,"ATF2;COX7B;NDUFA13;NDUFA12;COX4I1;NDUFA10;COX6A1;COX7C;ACTB;RPS6KA2;UQCRFS1;PRKACB;COX8A;SDHD;ARID1B;COX6B1;NDUFS8;NDUFS7;NDUFS5;NDUFS4;NDUFS3;NDUFS2;NDUFB9;PRKAA1;NDUFB8;NDUFB7;SMARCD3;NDUFB10;UQCRB;NDUFB6;NDUFB11;NDUFB4;NDUFB2;UQCR11;COX7A2;UQCR10;COX5B;COX5A;UQCRH;COX14;NDUFV3;CYC1;NDUFV2;NDUFV1;NDUFA8;NDUFA6;NDUFA5;NDUFA4;NDUFA3;NDUFA1;COX6C;UQCRQ;RHEB;NDUFAB1","females","Users","Human","4/231",0.000764115146112939,0.0164284756414282,0,0,10.8683920704846,78.0001899745294,"COX4I1;ATP5G3;ACTB;ACTG1","males","M_MUT_and_WT_M_P120_CORT"
"Thermogenesis","Sncg","27/231",0.00000000000285445505609143,0.000000000111323747187566,0,0,6.03860294117647,160.518989780492,"NDUFB9;NDUFA13;COX4I1;NDUFA10;NDUFB2;UQCR11;COX7A2;COX5B;COX6A1;COX7C;ACTB;UQCRH;ACTG1;CNR1;NDUFV3;NDUFV2;NDUFV1;COX8A;NDUFA4;NDUFA1;COX6C;SMARCA2;COX6B1;NDUFS7;UQCRQ;NDUFS5;MGLL","females","Users","Human","5/231",0.0410236291794143,0.136163535148694,0,0,2.74602330010082,8.76971938944389,"NDUFA13;ATP5G3;ACTB;ACTG1;ATP5L","males","M_MUT_and_WT_M_P120_CORT"
"Thermogenesis","Sst","27/231",0.0000000000292298132069552,0.00000000115457762167473,0,0,5.41104810568295,131.249473401885,"NDUFB9;NDUFA13;NDUFB11;COX4I1;NDUFB2;UQCR11;ADCY2;COX7A2;UQCR10;COX5B;COX6A1;COX5A;UQCRH;UQCRFS1;NDUFV1;COX8A;NDUFA5;NDUFA4;NDUFA1;COX6C;SMARCA2;ARID1B;NDUFS7;UQCRQ;NDUFAB1;NDUFS2;MGLL","females","Users","Human","4/231",0.0227777886028524,0.197164682824999,0,0,3.89645102212543,14.7362585418085,"COX4I1;ATP5G3;ACTB;ACTG1","males","M_MUT_and_WT_M_P120_CORT"
"Thermogenesis","Vip","39/231",0.0000000000000077337146286984,0.000000000000323527061967216,0,0,5.24542062415197,170.440433762372,"NDUFB9;COX7B;NDUFA13;NDUFB7;NDUFA11;NDUFB6;NDUFB11;COX4I1;NDUFA10;NDUFB2;UQCR11;COX7A2;COX5B;COX6A1;COX7C;COX5A;ACTB;UQCRH;ACTG1;COX11;NDUFV2;PRKACB;NDUFV1;COX8A;NDUFA6;NDUFA5;NDUFA4;NDUFA1;NDUFC1;ACSL3;COX6C;COX6B1;NDUFS8;UQCRQ;NDUFS6;NDUFS2;GRB2;UQCRC2;MGLL","females","Users","Human","4/231",0.0355980451964796,0.115287740058235,0,0,3.36444121295069,11.2219744059212,"COX4I1;PRKACB;ACTB;ACTG1","males","M_MUT_and_WT_M_P120_CORT"
"Thyroid hormone signaling pathway","L2_3_IT","20/115",0.0000410143045293814,0.000479689039930592,0,0,3.09881422924901,31.3029497799993,"PRKCG;NCOA1;MAP2K1;THRA;PRKCB;PDPK1;ATP2A2;ATP1A3;ATP1B3;PRKCA;PIK3CB;ATP1A1;MED13L;MED13;PIK3CA;AKT3;MAPK1;ITGAV;KRAS;PFKP","females","Users","Human","4/115",0.00453078265929309,0.0502161744738318,0,0,6.36196911196911,34.3346603239044,"PRKCG;ATP1B1;ACTB;ACTG1","males","M_MUT_and_WT_M_P120_CORT"
"Thyroid hormone signaling pathway","L6","8/115",0.0125261439209157,0.0666163108521424,0,0,2.73038264856286,11.9589048198304,"THRB;MED13;PLCB4;PIK3CA;ATP1A3;MAPK1;ITGAV;KRAS","females","Users","Human","2/115",0.0128359223529557,0.0676025243922332,0,0,12.5518331226296,54.6696046212358,"ACTB;ACTG1","males","M_MUT_and_WT_M_P120_CORT"
"Ubiquitin mediated proteolysis","L2_3_IT","15/138",0.0318308066247014,0.0930705106743985,0,0,1.7852890339927,6.15446383586724,"FANCL;HUWE1;UBE4A;XIAP;UBE2G2;PRPF19;HERC4;UBE2W;UBE2N;UBE2O;UBA1;TRIM37;TRIP12;STUB1;UBE2K","females","Users","Human","1/138",0.040697170601244,0.0452190784458267,0,0,28.9883211678832,92.8089136026139,"MID1","males","M_MUT_and_WT_M_P30_CORT"
"Vascular smooth muscle contraction","L2_3_IT","15/140",0.0355392933232225,0.101383100123366,0,0,1.75653543307087,5.86176309625725,"PRKCG;GUCY1A2;MAP2K1;GUCY1B1;PRKCB;ROCK2;PRKCE;ITPR1;PRKCA;ADCY1;PPP1CB;GNAQ;MAPK1;PPP1R12B;CALM2","females","Users","Human","3/140",0.0480457595885269,0.182573886436402,0,0,3.82669078224921,11.6163078861616,"PRKCG;ROCK2;CALM1","males","M_MUT_and_WT_M_P120_CORT"
"Vasopressin-regulated water reabsorption","Sncg","5/43",0.00271089477737278,0.0278223411361943,0,0,5.75613641727637,34.0215091542415,"DYNC2LI1;DYNC1I2;DYNC1H1;DCTN2;DYNLL1","females","Users","Human","3/43",0.00516469333034086,0.0402846079766587,0,0,9.27984375,48.8668178510991,"NSF;DYNC1I1;VAMP2","males","M_MUT_and_WT_M_P120_CORT"
"Vasopressin-regulated water reabsorption","Vip","5/43",0.0247289709075546,0.221677560635579,0,0,3.2742849341252,12.1141332961595,"DYNC2LI1;NSF;PRKACB;DYNC1I1;RAB11B","females","Users","Human","1/43",0.0380164579400952,0.192256312122753,0,0,27.9271708683473,91.3144790197023,"NSF","males","M_MUT_and_WT_M_P30_CORT"
