"Term","Overlap","P.value","Adjusted.P.value","Old.P.value","Old.Adjusted.P.value","Odds.Ratio","Combined.Score","Genes","Cell_Type","Sex","metadata"
"Alzheimer disease","27/175",5.95761397995156e-10,1.50131872294779e-07,0,0,4.73827909542195,100.646643268706,"APP;RTN3;GSK3B;NDUFA13;COX7B;COX4I1;ATP5A1;ATP2A2;IDE;ATP5G3;COX5B;COX7C;ATP5B;PPP3CA;UQCRFS1;APBB1;COX8A;NDUFA4;COX6C;GRIN2B;GRIN1;GNAQ;UQCRC2;MAPT;CALM1;CALM2;GAPDH","Pvalb","females","M_MUT_and_WT_F_P30_CORT"
"Glutamatergic synapse","19/114",5.87850635300118e-08,7.40691800478149e-06,0,0,5.1528936742934,85.7924747621562,"GRIA1;GRIA2;SLC38A1;SLC1A1;CACNA1A;ADCY1;GRIN2B;GNAI1;GLS;GRIN1;PPP3CA;GNB2;GNAQ;GNB1;GNAS;DLGAP1;PRKACB;GRIA4;SHANK1","Pvalb","females","M_MUT_and_WT_F_P30_CORT"
"Dopaminergic synapse","19/135",8.94090379395851e-07,6.87823963237089e-05,0,0,4.21541281848981,58.7099890768687,"GRIA1;GRIA2;GSK3B;CACNA1A;PPP2R2A;GRIN2B;GNAI1;PPP1CB;PPP3CA;GNB2;GNAQ;KIF5A;GNB1;GNAS;CALM1;PRKACB;CALM2;SCN1A;GRIA4","Pvalb","females","M_MUT_and_WT_F_P30_CORT"
"Synaptic vesicle cycle","14/77",1.0917840686303e-06,6.87823963237089e-05,0,0,5.69667260843731,78.202197980766,"NSF;SNAP25;ATP6V0B;RAB3A;SYT1;STXBP1;CLTC;SLC1A1;CACNA1A;SLC6A1;CPLX1;DNM1;ATP6V0C;ATP6V0A1","Pvalb","females","M_MUT_and_WT_F_P30_CORT"
"GABAergic synapse","15/90",1.44440281321737e-06,7.27979017861557e-05,0,0,5.13065595716198,68.9961100876485,"NSF;GABRA1;GABRB1;SLC38A1;GAD1;CACNA1A;GAD2;ADCY1;SLC6A1;GNAI1;GLS;GNB2;GNB1;PRKACB;GABRD","Pvalb","females","M_MUT_and_WT_F_P30_CORT"
"Parkinson disease","19/144",2.41136184684926e-06,0.000101277197567669,0,0,3.91006191117093,50.5778976943047,"COX8A;NDUFA13;COX7B;NDUFA4;COX4I1;ATP5A1;UBE2G1;ATP5G3;UBE2J2;COX5B;COX6C;COX7C;GNAI1;ATP5B;UBB;UQCRFS1;UQCRC2;PRKACB;SLC25A4","Pvalb","females","M_MUT_and_WT_F_P30_CORT"
"Oxidative phosphorylation","18/134",3.4108694361596e-06,0.000122791299701746,0,0,3.98818131256952,50.2053932713539,"COX8A;NDUFA13;COX7B;ATP6V0B;NDUFA4;COX4I1;ATP5A1;ATP5G3;COX5B;COX6C;COX7C;ATP5J2;ATP5L;ATP5B;UQCRFS1;UQCRC2;ATP6V0C;ATP6V0A1","Pvalb","females","M_MUT_and_WT_F_P30_CORT"
"Cardiac muscle contraction","13/78",7.20594681012434e-06,0.000226987324518917,0,0,5.1196261682243,60.6194657122344,"COX8A;COX7B;COX4I1;ATP2A2;CACNA2D2;ATP1A3;ATP1B1;COX5B;COX6C;COX7C;CACNB4;UQCRFS1;UQCRC2","Pvalb","females","M_MUT_and_WT_F_P30_CORT"
"Nicotine addiction","9/40",1.52529405785533e-05,0.000427082336199491,0,0,7.40534635650945,82.1307580808328,"GRIA1;GRIA2;GABRA1;GABRB1;CACNA1A;GABRD;GRIN2B;GRIA4;GRIN1","Pvalb","females","M_MUT_and_WT_F_P30_CORT"
"Insulin secretion","13/86",2.1498035830287e-05,0.000521913901174168,0,0,4.55666916619419,48.973025066346,"SNAP25;RAB3A;ATP1A3;CCK;ADCY1;ATP1B1;RIMS2;PCLO;GNAQ;KCNMA1;GNAS;KCNN2;PRKACB","Pvalb","females","M_MUT_and_WT_F_P30_CORT"
"Circadian entrainment","14/99",2.27819560036343e-05,0.000521913901174168,0,0,4.21739540736081,45.0820242354931,"GRIA1;GRIA2;ADCY1;GRIN2B;GNAI1;GRIN1;GNB2;GNAQ;GNB1;GNAS;CALM1;PRKACB;CALM2;GRIA4","Pvalb","females","M_MUT_and_WT_F_P30_CORT"
"Thermogenesis","23/231",2.69271159259308e-05,0.000565469434444548,0,0,2.8474679920891,29.9621310022737,"COX8A;COX7B;NDUFA13;SMARCB1;PRKAA2;NDUFA4;COX4I1;ATP5A1;ACSL3;ADCY1;ATP5G3;COX5B;COX6C;COX7C;ATP5L;ACTG1;ATP5J2;ATP5B;GNAS;UQCRFS1;UQCRC2;SOS1;PRKACB","Pvalb","females","M_MUT_and_WT_F_P30_CORT"
"Long-term potentiation","11/67",4.18637112403925e-05,0.000811511940967609,0,0,5.01716758607571,50.5785239330904,"PPP1CB;GRIA1;PPP3CA;GRIA2;GNAQ;ADCY1;CALM1;PRKACB;GRIN2B;CALM2;GRIN1","Pvalb","females","M_MUT_and_WT_F_P30_CORT"
"Amphetamine addiction","11/68",4.82458916054599e-05,0.000844935798873386,0,0,4.92889013479104,48.9892242455045,"PPP1CB;GRIA1;PPP3CA;GRIA2;GNAS;CALM1;PRKACB;GRIN2B;CALM2;GRIA4;GRIN1","Pvalb","females","M_MUT_and_WT_F_P30_CORT"
"Adrenergic signaling in cardiomyocytes","17/148",5.02937975519872e-05,0.000844935798873386,0,0,3.3282340283826,32.9416249643634,"CACNA2D2;ATP2A2;ATP1A3;PPP2R2A;ATP2B2;ADCY1;ATP2B1;ATP1B1;GNAI1;PPP1CB;CACNB4;GNAQ;GNAS;CALM1;PRKACB;CALM2;SCN1B","Pvalb","females","M_MUT_and_WT_F_P30_CORT"
"Ubiquitin mediated proteolysis","16/138",7.4164116543505e-05,0.0011680848355602,0,0,3.3606117874566,31.956830862164,"UBE2I;PPIL2;UBE2B;CUL2;HUWE1;UBE2D1;UBE2E2;UBE3A;UBE2G1;UBE2J2;HERC1;NEDD4;UBR5;MDM2;BIRC6;TRIP12","Pvalb","females","M_MUT_and_WT_F_P30_CORT"
"Salivary secretion","11/78",0.000173355626187178,0.00256974222348052,0,0,4.19104875091917,36.2951755111241,"GNAQ;KCNMA1;GNAS;ATP1A3;ATP2B2;ADCY1;ATP2B1;ATP1B1;CALM1;PRKACB;CALM2","Pvalb","females","M_MUT_and_WT_F_P30_CORT"
"Retrograde endocannabinoid signaling","16/150",0.000198889978963896,0.00278445970549454,0,0,3.05774078668321,26.0603870622328,"GRIA1;GRIA2;GABRA1;FAAH;NDUFA13;GABRB1;NDUFA4;CACNA1A;ADCY1;GNAI1;GNB2;GNAQ;GNB1;PRKACB;GABRD;GRIA4","Pvalb","females","M_MUT_and_WT_F_P30_CORT"
"Endocrine and other factor-regulated calcium reabsorption","9/55",0.000212913762089211,0.00282390884455164,0,0,4.98666204746232,42.1603493703659,"GNAQ;CLTC;GNAS;ATP1A3;ATP2B1;ATP1B1;PRKACB;DNM1;RAB11A","Pvalb","females","M_MUT_and_WT_F_P30_CORT"
"Huntington disease","18/192",0.000410539110091816,0.00517279278715688,0,0,2.65072302558398,20.6704424841873,"COX8A;NDUFA13;COX7B;NDUFA4;COX4I1;CLTC;ATP5A1;ATP5G3;COX5B;COX6C;GRIN2B;COX7C;GRIN1;ATP5B;GNAQ;UQCRFS1;UQCRC2;SLC25A4","Pvalb","females","M_MUT_and_WT_F_P30_CORT"
"Morphine addiction","11/92",0.000740281952260622,0.00888338342712747,0,0,3.46413835051207,24.9711700346016,"GABRA1;GABRB1;PDE10A;GNB2;GNB1;GNAS;CACNA1A;ADCY1;PRKACB;GABRD;GNAI1","Pvalb","females","M_MUT_and_WT_F_P30_CORT"
"cGMP-PKG signaling pathway","16/172",0.000915488518028978,0.0104865048428774,0,0,2.62349625352306,18.3541181414988,"MEF2C;PRKCE;ATP2A2;ATP1A3;ATP2B2;ADCY1;ATP2B1;ATP1B1;GNAI1;PPP1CB;PPP3CA;GNAQ;KCNMA1;CALM1;CALM2;SLC25A4","Pvalb","females","M_MUT_and_WT_F_P30_CORT"
"cAMP signaling pathway","18/211",0.00123943146757255,0.013579857818621,0,0,2.38738926959719,15.9790410849914,"GRIA1;GRIA2;ATP2A2;ATP1A3;ATP2B2;ADCY1;ATP2B1;ATP1B1;GRIN2B;GNAI1;GRIN1;PPP1CB;PDE10A;GNAS;CALM1;PRKACB;CALM2;GRIA4","Pvalb","females","M_MUT_and_WT_F_P30_CORT"
"Spliceosome","13/132",0.00160676769677216,0.0167403077770925,0,0,2.78855841401981,17.9402763319738,"HSPA8;DDX5;RBM25;HNRNPA3;SF3B6;SRSF1;HNRNPU;PRPF40B;SNRNP70;TRA2A;SRSF5;SRSF7;SF3B1","Pvalb","females","M_MUT_and_WT_F_P30_CORT"
"Proteasome","7/46",0.001660744819156,0.0167403077770925,0,0,4.56420444897266,29.2131407847646,"PSMD11;PSMD14;PSMB2;PSMC4;PSMB1;PSMD1;PSMA7","Pvalb","females","M_MUT_and_WT_F_P30_CORT"
"Aldosterone synthesis and secretion","11/102",0.00174215010977781,0.0168854549101542,0,0,3.08185423098872,19.577895771748,"PRKCE;GNAQ;GNAS;ATP1A3;ATP2B2;ADCY1;ATP2B1;ATP1B1;CALM1;PRKACB;CALM2","Pvalb","females","M_MUT_and_WT_F_P30_CORT"
"Gastric acid secretion","9/74",0.00194801344182051,0.0181814587903248,0,0,3.52552865461232,22.0026310409226,"GNAQ;GNAS;ATP1A3;ADCY1;ATP1B1;CALM1;PRKACB;CALM2;GNAI1","Pvalb","females","M_MUT_and_WT_F_P30_CORT"
"Pancreatic secretion","11/105",0.0021990623002191,0.0197915607019719,0,0,2.9830297192396,18.2553192714826,"GNAQ;KCNMA1;GNAS;ATP2A2;ATP1A3;CCK;ATP2B2;ADCY1;ATP2B1;ATP1B1;RAB11A","Pvalb","females","M_MUT_and_WT_F_P30_CORT"
"Oxytocin signaling pathway","14/154",0.0023154486960326,0.0201204507379384,0,0,2.55320855614973,15.4932570678036,"MEF2C;PRKAA2;CACNA2D2;ADCY1;GNAI1;ACTG1;PPP1CB;PPP3CA;CACNB4;GNAQ;GNAS;CALM1;PRKACB;CALM2","Pvalb","females","M_MUT_and_WT_F_P30_CORT"
"Non-alcoholic fatty liver disease (NAFLD)","13/151",0.00518869961865359,0.0422979897963237,0,0,2.40223679882355,12.6388216114876,"COX8A;GSK3B;NDUFA13;COX7B;PRKAA2;NDUFA4;COX4I1;ADIPOR1;COX5B;COX6C;COX7C;UQCRFS1;UQCRC2","Pvalb","females","M_MUT_and_WT_F_P30_CORT"
"Estrogen signaling pathway","12/134",0.00520332414161125,0.0422979897963237,0,0,2.50701639344262,13.1830394064977,"HSPA8;HSP90AA1;HSP90AB1;GNAQ;GNAS;ADCY1;CALM1;SOS1;PRKACB;CALM2;GNAI1;HSP90B1","Pvalb","females","M_MUT_and_WT_F_P30_CORT"
"Glucagon signaling pathway","10/102",0.00551989679156276,0.0434691872335568,0,0,2.76740286771508,14.3888237219395,"LDHB;PPP3CA;PKM;PRKAA2;GNAQ;GNAS;PDHB;CALM1;PRKACB;CALM2","Pvalb","females","M_MUT_and_WT_F_P30_CORT"
"Alzheimer disease","24/175",4.26810049312948e-12,9.0056920405032e-10,0,0,6.84326710816777,179.155721710477,"COX8A;APP;RTN3;GSK3B;NDUFA13;COX7B;NDUFA4;COX4I1;ATP5A1;ATP5J;ATP2A2;SDHA;ATP5F1;COX6C;COX7C;GRIN1;PPP3CA;UQCRC1;NAE1;MAPT;CALM1;PLCB1;CALM2;GAPDH","Sst","females","M_MUT_and_WT_F_P30_CORT"
"Synaptic vesicle cycle","15/77",3.07901003788131e-10,3.24835558996478e-08,0,0,10.2593295382669,224.692067191953,"NSF;ATP6V0B;RAB3A;ATP6V1G2;SLC32A1;STXBP1;CLTC;SLC1A1;CLTB;AP2A1;CPLX1;DNM1;DNM3;ATP6V0E2;ATP6V0C","Sst","females","M_MUT_and_WT_F_P30_CORT"
"Oxidative phosphorylation","17/134",1.94733943801419e-08,1.36962873806998e-06,0,0,6.17092146851447,109.559876952226,"COX8A;NDUFA13;COX7B;ATP6V0B;ATP6V1G2;ATP6AP1;NDUFA4;COX4I1;ATP5A1;ATP5J;SDHA;ATP5F1;COX6C;COX7C;UQCRC1;ATP6V0E2;ATP6V0C","Sst","females","M_MUT_and_WT_F_P30_CORT"
"Huntington disease","20/192",3.34423106503152e-08,1.76408188680413e-06,0,0,4.95697162176007,85.3265531864029,"COX8A;NDUFA13;COX7B;NDUFA4;COX4I1;DCTN4;CLTC;ATP5A1;CLTB;ATP5J;HTT;AP2A1;SDHA;ATP5F1;COX6C;COX7C;GRIN1;UQCRC1;PLCB1;SLC25A4","Sst","females","M_MUT_and_WT_F_P30_CORT"
"Endocrine and other factor-regulated calcium reabsorption","11/55",5.51344775246014e-08,2.32667495153818e-06,0,0,10.5194384449244,175.8165354621,"DNM3;CLTC;CLTB;GNAS;ATP1A3;AP2A1;PRKCA;ATP2B1;ATP1B1;PLCB1;DNM1","Sst","females","M_MUT_and_WT_F_P30_CORT"
"Dopaminergic synapse","16/135",1.33623844543683e-07,4.69910519978618e-06,0,0,5.69725881619023,90.1775634461643,"GRIA2;GSK3B;CAMK2D;PRKCA;GNAO1;PPP3CA;MAPK9;KIF5C;KIF5B;GNAS;CALM1;PLCB1;CLOCK;CALM2;GRIA3;SCN1A","Sst","females","M_MUT_and_WT_F_P30_CORT"
"cAMP signaling pathway","20/211",1.60414212412152e-07,4.83534268842345e-06,0,0,4.45948751066725,69.7709410104211,"RYR2;GRIA2;ADCYAP1R1;GABBR1;CAMK2D;ATP2A2;ATP1A3;BRAF;ATP2B2;ADCY1;ATP2B1;ATP1B1;GRIN1;MAPK9;PDE10A;GNAS;PDE4A;CALM1;CALM2;GRIA3","Sst","females","M_MUT_and_WT_F_P30_CORT"
"Long-term potentiation","11/67",4.58403532008515e-07,1.20903931567246e-05,0,0,8.26018204257945,120.561618888631,"PPP3CA;GRIA2;CAMK2D;ARAF;PRKCA;BRAF;ADCY1;PLCB1;CALM1;CALM2;GRIN1","Sst","females","M_MUT_and_WT_F_P30_CORT"
"Circadian entrainment","13/99",6.11898006654357e-07,1.43456088226744e-05,0,0,6.37441356000605,91.1968239075482,"GRIA2;RYR2;ADCYAP1R1;CAMK2D;PRKCA;ADCY1;GRIN1;GNAO1;GNAS;CALM1;PLCB1;CALM2;GRIA3","Sst","females","M_MUT_and_WT_F_P30_CORT"
"Parkinson disease","15/144",1.7448462483335e-06,3.68162558398368e-05,0,0,4.91386735572782,65.1522012764404,"COX8A;NDUFA13;COX7B;NDUFA4;COX4I1;ATP5A1;ATP5J;SDHA;ATP5F1;COX6C;COX7C;UCHL1;UBB;UQCRC1;SLC25A4","Sst","females","M_MUT_and_WT_F_P30_CORT"
"Insulin secretion","11/86",5.82369369292823e-06,0.000111709033564351,0,0,6.16158387329014,74.2691185259315,"RYR2;CAMK2D;ADCYAP1R1;RAB3A;PCLO;GNAS;ATP1A3;PRKCA;ADCY1;ATP1B1;PLCB1","Sst","females","M_MUT_and_WT_F_P30_CORT"
"Gastric acid secretion","10/74",9.40305665789895e-06,0.000165337079568057,0,0,6.55374461206897,75.8561580524601,"CAMK2D;GNAS;ATP1A3;PRKCA;ADCY1;ATP1B1;PLCB1;CALM1;CALM2;ACTB","Sst","females","M_MUT_and_WT_F_P30_CORT"
"Cardiac muscle contraction","10/78",1.51362746660697e-05,0.000220745801270377,0,0,6.16696247464503,68.4435174623247,"COX8A;RYR2;COX7B;COX4I1;UQCRC1;ATP2A2;ATP1A3;ATP1B1;COX6C;COX7C","Sst","females","M_MUT_and_WT_F_P30_CORT"
"Salivary secretion","10/78",1.51362746660697e-05,0.000220745801270377,0,0,6.16696247464503,68.4435174623247,"GNAS;ATP1A3;PRKCA;ATP2B2;ADCY1;ATP2B1;ATP1B1;PLCB1;CALM1;CALM2","Sst","females","M_MUT_and_WT_F_P30_CORT"
"Spliceosome","13/132",1.56928294741974e-05,0.000220745801270377,0,0,4.59889899560692,50.8744310398647,"HSPA8;DDX5;RBM25;HNRNPA3;SRSF1;HNRNPU;SNRNP70;TRA2A;DHX15;ACIN1;SRSF5;SRSF7;SF3B1","Sst","females","M_MUT_and_WT_F_P30_CORT"
"Glutamatergic synapse","12/114",1.69420869355131e-05,0.00022342377146208,0,0,4.94626941685765,54.3382798156653,"GNAO1;GRIA2;PPP3CA;SLC38A1;SLC1A1;GNAS;PRKCA;ADCY1;PLCB1;SLC38A2;GRIA3;GRIN1","Sst","females","M_MUT_and_WT_F_P30_CORT"
"Aldosterone synthesis and secretion","11/102",3.01932571690847e-05,0.000365451498216142,0,0,5.07405121875964,52.8101767375103,"CAMK2D;GNAS;ATP1A3;PRKCA;ATP2B2;ADCY1;ATP2B1;ATP1B1;CALM1;PLCB1;CALM2","Sst","females","M_MUT_and_WT_F_P30_CORT"
"Amphetamine addiction","9/68",3.11759571937941e-05,0.000365451498216142,0,0,6.38611262985238,66.2614320679413,"PPP3CA;GRIA2;CAMK2D;GNAS;PRKCA;CALM1;CALM2;GRIA3;GRIN1","Sst","females","M_MUT_and_WT_F_P30_CORT"
"Thermogenesis","17/231",3.92613580522363e-05,0.000436007713106414,0,0,3.35696026503609,34.0572675243964,"COX8A;COX7B;NDUFA13;NDUFA4;COX4I1;ATP5A1;ATP5J;ADCY1;CPT1C;COX6C;SDHA;ATP5F1;COX7C;ACTB;ACTG1;UQCRC1;GNAS","Sst","females","M_MUT_and_WT_F_P30_CORT"
"Adrenergic signaling in cardiomyocytes","13/148",5.2774214979649e-05,0.000556767968035297,0,0,4.05050212902708,39.8953714624784,"RYR2;CAMK2D;ATP2A2;ATP1A3;PRKCA;ATP2B2;ADCY1;ATP2B1;ATP1B1;GNAS;CALM1;PLCB1;CALM2","Sst","females","M_MUT_and_WT_F_P30_CORT"
"Oxytocin signaling pathway","13/154",7.95291440801841e-05,0.000799078542900897,0,0,3.87694035476377,36.5959404282602,"RYR2;CAMK2D;PRKCA;ADCY1;EEF2;ACTB;ACTG1;GNAO1;PPP3CA;GNAS;CALM1;PLCB1;CALM2","Sst","females","M_MUT_and_WT_F_P30_CORT"
"Estrogen signaling pathway","12/134",8.44011198876253e-05,0.000807214306073706,0,0,4.13114754098361,38.7498742899212,"GNAO1;NCOA1;HSPA8;HSP90AA1;GABBR1;HSP90AB1;GNAS;ADCY1;CALM1;PLCB1;CALM2;HSP90B1","Sst","females","M_MUT_and_WT_F_P30_CORT"
"Thyroid hormone signaling pathway","11/115",9.15579367895177e-05,0.000807214306073706,0,0,4.43682505399568,41.2559890131852,"NCOA1;GSK3B;NCOR1;THRA;ATP2A2;ATP1A3;PRKCA;ATP1B1;PLCB1;ACTB;ACTG1","Sst","females","M_MUT_and_WT_F_P30_CORT"
"Long-term depression","8/61",9.18158452406111e-05,0.000807214306073706,0,0,6.30755526763301,58.633303410765,"GNAO1;GRIA2;ARAF;GNAS;PRKCA;BRAF;PLCB1;GRIA3","Sst","females","M_MUT_and_WT_F_P30_CORT"
"Calcium signaling pathway","14/189",0.000173592059327399,0.00146511698072325,0,0,3.36539130434783,29.1402586327867,"RYR2;CAMK2D;ATP2A2;PRKCA;ATP2B2;ADCY1;ATP2B1;GRIN1;PPP3CA;GNAS;CALM1;PLCB1;CALM2;SLC25A4","Sst","females","M_MUT_and_WT_F_P30_CORT"
"Pancreatic secretion","10/105",0.0001965843460772,0.00159535757778035,0,0,4.40812159709619,37.6207566095496,"RYR2;GNAS;ATP2A2;ATP1A3;PRKCA;ATP2B2;ADCY1;ATP2B1;ATP1B1;PLCB1","Sst","females","M_MUT_and_WT_F_P30_CORT"
"Thyroid hormone synthesis","8/73",0.000327206969086938,0.00255706186953125,0,0,5.13991416309013,41.2473879089534,"HSPA5;GNAS;ATP1A3;PRKCA;ADCY1;ATP1B1;PLCB1;HSP90B1","Sst","females","M_MUT_and_WT_F_P30_CORT"
"Rap1 signaling pathway","14/209",0.000485610530092936,0.00365942220891463,0,0,3.01710144927536,23.0207967315044,"MAGI1;DOCK4;PRKCA;BRAF;ADCY1;ACTB;GRIN1;ACTG1;GNAO1;GNAS;KRIT1;CALM1;PLCB1;CALM2","Sst","females","M_MUT_and_WT_F_P30_CORT"
"Mineral absorption","6/44",0.000564683474883326,0.00410855907587523,0,0,6.5748987854251,49.175280215868,"FTL1;FTH1;ATP1A3;TRPM7;ATP2B1;ATP1B1","Sst","females","M_MUT_and_WT_F_P30_CORT"
"Melanogenesis","9/100",0.000617794397519224,0.00434515392921854,0,0,4.13364055299539,30.5449368517273,"GNAO1;GSK3B;CAMK2D;GNAS;PRKCA;ADCY1;CALM1;PLCB1;CALM2","Sst","females","M_MUT_and_WT_F_P30_CORT"
"cGMP-PKG signaling pathway","12/172",0.000845523176053855,0.00575501258539882,0,0,3.14383116883117,22.2443502795645,"PPP3CA;ATP2A2;ATP1A3;ATP2B2;ADCY1;ATP2B1;ATP1B1;CALM1;PLCB1;CALM2;SLC25A4;GTF2I","Sst","females","M_MUT_and_WT_F_P30_CORT"
"Non-alcoholic fatty liver disease (NAFLD)","11/151",0.000966674411262567,0.00637400939926255,0,0,3.28981795742055,22.8367609389816,"COX8A;GSK3B;MAPK9;NDUFA13;COX7B;NDUFA4;COX4I1;UQCRC1;SDHA;COX6C;COX7C","Sst","females","M_MUT_and_WT_F_P30_CORT"
"GABAergic synapse","8/90",0.00133076867651247,0.00825859384541563,0,0,4.07076311106459,26.9565874246988,"NSF;GNAO1;SLC38A1;GABBR1;SLC32A1;PRKCA;ADCY1;SLC38A2","Sst","females","M_MUT_and_WT_F_P30_CORT"
"GnRH signaling pathway","8/90",0.00133076867651247,0.00825859384541563,0,0,4.07076311106459,26.9565874246988,"MAPK9;CAMK2D;GNAS;PRKCA;ADCY1;PLCB1;CALM1;CALM2","Sst","females","M_MUT_and_WT_F_P30_CORT"
"Morphine addiction","8/92",0.00153386497554757,0.0092470145668725,0,0,3.9734314326589,25.747695028395,"GNAO1;GABBR1;PDE10A;SLC32A1;GNAS;PDE4A;PRKCA;ADCY1","Sst","females","M_MUT_and_WT_F_P30_CORT"
"Bacterial invasion of epithelial cells","7/74",0.00184068965066025,0.010788486563592,0,0,4.3533829780434,27.4159298015402,"DNM3;CLTC;CLTB;WASL;ACTB;DNM1;ACTG1","Sst","females","M_MUT_and_WT_F_P30_CORT"
"Renin secretion","7/76",0.00214767143392957,0.0122475316907875,0,0,4.22676349191571,25.9665765887483,"PPP3CA;ADCYAP1R1;GNAS;PLCB1;CALM1;CALM2;CTSB","Sst","females","M_MUT_and_WT_F_P30_CORT"
"Lysosome","9/124",0.00280479969985646,0.0155740193860451,0,0,3.26692847124825,19.1978541004769,"ATP6V0B;ATP6AP1;AP1G1;GAA;PSAP;CLTC;CLTB;ATP6V0C;CTSB","Sst","females","M_MUT_and_WT_F_P30_CORT"
"Glucagon signaling pathway","8/102",0.00294572860391368,0.0159371470621997,0,0,3.54889964386814,20.6808545508205,"PPP3CA;CAMK2D;PKM;GNAS;CPT1C;CALM1;PLCB1;CALM2","Sst","females","M_MUT_and_WT_F_P30_CORT"
"Retrograde endocannabinoid signaling","10/150",0.00311309128832645,0.016421556545922,0,0,2.98429802955665,17.2257832322786,"GNAO1;GRIA2;MAPK9;NDUFA13;SLC32A1;NDUFA4;PRKCA;ADCY1;PLCB1;GRIA3","Sst","females","M_MUT_and_WT_F_P30_CORT"
"Necroptosis","11/176",0.0032579591959631,0.0167665704962979,0,0,2.78776097912167,15.9645433793354,"MAPK9;FTL1;HSP90AA1;CAMK2D;HSP90AB1;FTH1;TRPM7;DNM1L;PPIA;SQSTM1;SLC25A4","Sst","females","M_MUT_and_WT_F_P30_CORT"
"Vasopressin-regulated water reabsorption","5/43",0.00335595095397902,0.0168596583640375,0,0,5.46739984289081,31.1478868265425,"NSF;DYNC1H1;DCTN4;GNAS;DYNLL2","Sst","females","M_MUT_and_WT_F_P30_CORT"
"Phagosome","11/180",0.0038647411643214,0.0189641950156236,0,0,2.72121614886194,15.1186974993186,"DYNC1H1;TUBA1B;ATP6V0B;ATP6V1G2;TUBA1A;TUBB2A;ATP6AP1;ATP6V0E2;ATP6V0C;ACTB;ACTG1","Sst","females","M_MUT_and_WT_F_P30_CORT"
"Gap junction","7/86",0.00431594655765676,0.0205208921378706,0,0,3.68983275960209,20.0927577884902,"TUBA1B;TUBA1A;TUBB2A;GNAS;PRKCA;ADCY1;PLCB1","Sst","females","M_MUT_and_WT_F_P30_CORT"
"Transcriptional misregulation in cancer","11/183",0.00437649358390605,0.0205208921378706,0,0,2.67333869104425,14.5202589548281,"DDX5;NCOR1;KMT2A;EWSR1;FUS;TSPAN7;DOT1L;JMJD1C;CDK14;GRIA3;PBX1","Sst","females","M_MUT_and_WT_F_P30_CORT"
"Fluid shear stress and atherosclerosis","9/143",0.00712774612411495,0.0326946615693099,0,0,2.80096292729899,13.847289058895,"MAPK9;HSP90AA1;HSP90AB1;CALM1;SQSTM1;CALM2;ACTB;ACTG1;HSP90B1","Sst","females","M_MUT_and_WT_F_P30_CORT"
"Neurotrophin signaling pathway","8/121",0.00821237504346669,0.0368683220036483,0,0,2.94929545368225,14.1628503654394,"GSK3B;MAPK9;CAMK2D;MAGED1;KIDINS220;BRAF;CALM1;CALM2","Sst","females","M_MUT_and_WT_F_P30_CORT"
"Glioma","6/75",0.00871936835788766,0.0383288900732145,0,0,3.61519881085098,17.1440264566439,"CAMK2D;ARAF;PRKCA;BRAF;CALM1;CALM2","Sst","females","M_MUT_and_WT_F_P30_CORT"
"Salmonella infection","6/78",0.0104863447645618,0.0451554845984191,0,0,3.46403133903134,15.787951087963,"MAPK9;DYNC1H1;WASL;KLC1;ACTB;ACTG1","Sst","females","M_MUT_and_WT_F_P30_CORT"
"Inflammatory mediator regulation of TRP channels","8/127",0.010834457982057,0.0457214126842804,0,0,2.79972589894327,12.6688259621589,"MAPK9;CAMK2D;GNAS;PRKCA;ADCY1;CALM1;PLCB1;CALM2","Sst","females","M_MUT_and_WT_F_P30_CORT"
"Ubiquitin mediated proteolysis","1/138",0.0273175023451507,0.0273175023451507,0,0,48.3187347931873,173.958446014268,"MID1","L2_3_IT","females","M_MUT_and_WT_F_P60_CORT"
"Cell adhesion molecules (CAMs)","1/170",0.00849990786928235,0.0089999047745351,0,0,19830,94543.4900967944,"NTNG1","L4","females","M_MUT_and_WT_F_P60_CORT"
"Axon guidance","1/180",0.0089999047745351,0.0089999047745351,0,0,19820,93362.9282153664,"NTNG1","L4","females","M_MUT_and_WT_F_P60_CORT"
"Long-term potentiation","4/67",1.16183910134849e-06,4.99554027542922e-05,0,0,63.215873015873,863.876915770396,"PRKCG;GRIN2A;CAMK2A;GRIN2B","L5","females","M_MUT_and_WT_F_P60_CORT"
"Amphetamine addiction","4/68",1.23346673467388e-06,4.99554027542922e-05,0,0,62.225,846.613554334761,"PRKCG;GRIN2A;CAMK2A;GRIN2B","L5","females","M_MUT_and_WT_F_P60_CORT"
"Circadian entrainment","4/99",5.56179352200812e-06,0.000150168425094219,0,0,41.8547368421053,506.425152242478,"PRKCG;GRIN2A;CAMK2A;GRIN2B","L5","females","M_MUT_and_WT_F_P60_CORT"
"Glutamatergic synapse","4/114",9.74134212938188e-06,0.000197262178119983,0,0,36.12,416.793435348922,"PRKCG;GRIN2A;DLGAP1;GRIN2B","L5","females","M_MUT_and_WT_F_P60_CORT"
"Dopaminergic synapse","4/135",1.89956596020216e-05,0.00030772968555275,0,0,30.2977099236641,329.375495313897,"PRKCG;GRIN2A;CAMK2A;GRIN2B","L5","females","M_MUT_and_WT_F_P60_CORT"
"Nicotine addiction","2/40",0.00104686246085833,0.0134293056528981,0,0,47.6985645933014,327.305533577796,"GRIN2A;GRIN2B","L5","females","M_MUT_and_WT_F_P60_CORT"
"Calcium signaling pathway","3/189",0.00145234387784039,0.0134293056528981,0,0,15.1996927803379,99.3235561638904,"PRKCG;GRIN2A;CAMK2A","L5","females","M_MUT_and_WT_F_P60_CORT"
"Cocaine addiction","2/48",0.00150508784419411,0.0134293056528981,0,0,39.3873517786561,255.97461858496,"GRIN2A;GRIN2B","L5","females","M_MUT_and_WT_F_P60_CORT"
"Amyotrophic lateral sclerosis (ALS)","2/52",0.00176410926152346,0.0134293056528981,0,0,36.2290909090909,229.696399234799,"GRIN2A;GRIN2B","L5","females","M_MUT_and_WT_F_P60_CORT"
"Proteoglycans in cancer","3/203",0.00178186395743035,0.0134293056528981,0,0,14.1257142857143,89.4171175452868,"PRKCG;CAMK2A;ANK2","L5","females","M_MUT_and_WT_F_P60_CORT"
"Rap1 signaling pathway","3/209",0.00193626153050436,0.0134293056528981,0,0,13.7101248266297,85.6470978467727,"PRKCG;GRIN2A;GRIN2B","L5","females","M_MUT_and_WT_F_P60_CORT"
"cAMP signaling pathway","3/211",0.00198952676339232,0.0134293056528981,0,0,13.5769230769231,84.4465400761933,"GRIN2A;CAMK2A;GRIN2B","L5","females","M_MUT_and_WT_F_P60_CORT"
"Ras signaling pathway","3/233",0.00263665754386307,0.0164284046963776,0,0,12.2645962732919,72.8301559829866,"PRKCG;GRIN2A;GRIN2B","L5","females","M_MUT_and_WT_F_P60_CORT"
"Gastric acid secretion","2/74",0.00353607670176584,0.0196036316968731,0,0,25.1313131313131,141.859664218204,"PRKCG;CAMK2A","L5","females","M_MUT_and_WT_F_P60_CORT"
"Glioma","2/75",0.00363030216608761,0.0196036316968731,0,0,24.785803237858,139.257533294349,"PRKCG;CAMK2A","L5","females","M_MUT_and_WT_F_P60_CORT"
"ErbB signaling pathway","2/84",0.00453056310206986,0.0226002907336982,0,0,22.0554323725055,119.031162399036,"PRKCG;CAMK2A","L5","females","M_MUT_and_WT_F_P60_CORT"
"Insulin secretion","2/86",0.00474327089472679,0.0226002907336982,0,0,21.5281385281385,115.197678921145,"PRKCG;CAMK2A","L5","females","M_MUT_and_WT_F_P60_CORT"
"Melanogenesis","2/100",0.00635854736076345,0.027783117752106,0,0,18.4397031539889,93.2671948534304,"PRKCG;CAMK2A","L5","females","M_MUT_and_WT_F_P60_CORT"
"Aldosterone synthesis and secretion","2/102",0.00660709519890855,0.027783117752106,0,0,18.0690909090909,90.6998106898962,"PRKCG;CAMK2A","L5","females","M_MUT_and_WT_F_P60_CORT"
"HIF-1 signaling pathway","2/104",0.00686002907459408,0.027783117752106,0,0,17.7130124777184,88.2470004331688,"PRKCG;CAMK2A","L5","females","M_MUT_and_WT_F_P60_CORT"
"Cholinergic synapse","2/113",0.00805195641224154,0.0310575461615031,0,0,16.2694512694513,78.4486939108487,"PRKCG;CAMK2A","L5","females","M_MUT_and_WT_F_P60_CORT"
"Inflammatory mediator regulation of TRP channels","2/127",0.0100773899824102,0.0371031176625101,0,0,14.4370909090909,66.373962121909,"PRKCG;CAMK2A","L5","females","M_MUT_and_WT_F_P60_CORT"
"Systemic lupus erythematosus","2/143",0.0126397458709848,0.0445138876325986,0,0,12.7885235332044,55.8974725518423,"GRIN2A;GRIN2B","L5","females","M_MUT_and_WT_F_P60_CORT"
"Oxytocin signaling pathway","2/154",0.0145495707624935,0.0491048013234156,0,0,11.8564593301435,50.1551205901524,"PRKCG;CAMK2A","L5","females","M_MUT_and_WT_F_P60_CORT"
"Glutamatergic synapse","6/114",8.12224065940142e-05,0.00770462674042722,0,0,9.22829131652661,86.9149951868429,"GRIA2;SLC1A2;DLGAP1;SLC17A7;GRIN2B;GLS","L6","females","M_MUT_and_WT_F_P60_CORT"
"Synaptic vesicle cycle","5/77",0.000121332704573657,0.00770462674042722,0,0,11.4600694444444,103.335150064902,"SNAP25;ATP6V0B;SYT1;SLC1A2;SLC17A7","L6","females","M_MUT_and_WT_F_P60_CORT"
"cAMP signaling pathway","7/211",0.000366910917706921,0.0155325621829263,0,0,5.72021435692921,45.2491348580124,"CAMK2B;GRIA2;CAMK2D;PDE4B;ATP1A1;ATP2B1;GRIN2B","L6","females","M_MUT_and_WT_F_P60_CORT"
"Long-term potentiation","4/67",0.000822259688406795,0.0220844603743153,0,0,10.3959071231798,73.8468510543102,"CAMK2B;GRIA2;CAMK2D;GRIN2B","L6","females","M_MUT_and_WT_F_P60_CORT"
"Amphetamine addiction","4/68",0.00086946694387068,0.0220844603743153,0,0,10.2329545454545,72.1180799225514,"CAMK2B;GRIA2;CAMK2D;GRIN2B","L6","females","M_MUT_and_WT_F_P60_CORT"
"Nicotine addiction","3/40",0.00198895670009725,0.0377336675600603,0,0,13.184315463004,82.008354552079,"GRIA2;SLC17A7;GRIN2B","L6","females","M_MUT_and_WT_F_P60_CORT"
"Insulin secretion","4/86",0.0020798084481923,0.0377336675600603,0,0,7.97943962910704,49.276865705213,"CAMK2B;SNAP25;CAMK2D;ATP1A1","L6","females","M_MUT_and_WT_F_P60_CORT"
"Pentose phosphate pathway","1/32",0.00956277225126547,0.0243532396869431,0,0,128.793548387097,598.874236895044,"GPI1","Sst","females","M_MUT_and_WT_F_P60_CORT"
"Starch and sucrose metabolism","1/33",0.00986037774269364,0.0243532396869431,0,0,124.7625,576.306782745311,"GPI1","Sst","females","M_MUT_and_WT_F_P60_CORT"
"Amino sugar and nucleotide sugar metabolism","1/49",0.0146119438121659,0.0243532396869431,0,0,83.1083333333333,351.208836844685,"GPI1","Sst","females","M_MUT_and_WT_F_P60_CORT"
"Glycolysis / Gluconeogenesis","1/67",0.0199347325407438,0.0249184156759297,0,0,60.3878787878788,236.436161492859,"GPI1","Sst","females","M_MUT_and_WT_F_P60_CORT"
"Axon guidance","4/180",0.000450235124740035,0.0265638723596621,0,0,12.489898989899,96.2439218891513,"ROBO2;NTNG1;EPHA4;CAMK2D","L4","females","M_MUT_and_WT_F_P150_CORT"
"Ribosome","5/170",4.8069368999689e-05,0.00336485582997823,0,0,14.2770562770563,141.954848911561,"RPS9;RPS27;RPL24;RPL28;RPS12","L5","females","M_MUT_and_WT_F_P150_CORT"
"Adrenergic signaling in cardiomyocytes","4/148",0.000401026031889836,0.0140359111161443,0,0,12.796511627907,100.087713709009,"PPP1R1A;ATP2B4;ADCY2;SLC8A1","L5","females","M_MUT_and_WT_F_P150_CORT"
"Prion diseases","1/34",0.0101579087405383,0.0452190784458267,0,0,120.975757575758,555.218564896445,"EGR1","L2_3_IT","males","M_MUT_and_WT_M_P30_CORT"
"Amphetamine addiction","1/68",0.020229739174506,0.0452190784458267,0,0,59.4835820895522,232.021750766537,"ARC","L2_3_IT","males","M_MUT_and_WT_M_P30_CORT"
"GnRH signaling pathway","1/90",0.0267011909686245,0.0452190784458267,0,0,44.7303370786517,162.060118437595,"EGR1","L2_3_IT","males","M_MUT_and_WT_M_P30_CORT"
"AGE-RAGE signaling pathway in diabetic complications","1/101",0.0299235360194532,0.0452190784458267,0,0,39.788,139.620466706137,"EGR1","L2_3_IT","males","M_MUT_and_WT_M_P30_CORT"
"Parathyroid hormone synthesis, secretion and action","1/107",0.0316774286006728,0.0452190784458267,0,0,37.5245283018868,129.540333520458,"EGR1","L2_3_IT","males","M_MUT_and_WT_M_P30_CORT"
"TNF signaling pathway","1/110",0.0325533835200698,0.0452190784458267,0,0,36.4862385321101,124.960768514803,"JUNB","L2_3_IT","males","M_MUT_and_WT_M_P30_CORT"
"Osteoclast differentiation","1/128",0.0377952588177754,0.0452190784458267,0,0,31.2866141732283,102.481545231577,"JUNB","L2_3_IT","males","M_MUT_and_WT_M_P30_CORT"
"Apelin signaling pathway","1/138",0.040697170601244,0.0452190784458267,0,0,28.9883211678832,92.8089136026139,"EGR1","L2_3_IT","males","M_MUT_and_WT_M_P30_CORT"
"Ubiquitin mediated proteolysis","1/138",0.040697170601244,0.0452190784458267,0,0,28.9883211678832,92.8089136026139,"MID1","L2_3_IT","males","M_MUT_and_WT_M_P30_CORT"
"GnRH signaling pathway","3/90",4.72960555285951e-05,0.00364179627570182,0,0,52.7771883289125,525.612433831948,"EGR1;MAPK11;CAMK2D","L4","males","M_MUT_and_WT_M_P30_CORT"
"Amphetamine addiction","2/68",0.00132539638750632,0.0436412871397193,0,0,43.1125541125541,285.665667736596,"CAMK2D;ARC","L4","males","M_MUT_and_WT_M_P30_CORT"
"AGE-RAGE signaling pathway in diabetic complications","2/101",0.00289338864578414,0.0436412871397193,0,0,28.6940836940837,167.726299917835,"EGR1;MAPK11","L4","males","M_MUT_and_WT_M_P30_CORT"
"Aldosterone synthesis and secretion","2/102",0.00294988226650646,0.0436412871397193,0,0,28.4057142857143,165.49140791357,"NR4A1;CAMK2D","L4","males","M_MUT_and_WT_M_P30_CORT"
"TNF signaling pathway","2/110",0.00342045884878049,0.0436412871397193,0,0,26.2910052910053,149.279817223792,"MAPK11;JUNB","L4","males","M_MUT_and_WT_M_P30_CORT"
"Neurotrophin signaling pathway","2/121",0.00412104673941327,0.0436412871397193,0,0,23.8475390156062,130.962291965225,"MAPK11;CAMK2D","L4","males","M_MUT_and_WT_M_P30_CORT"
"Inflammatory mediator regulation of TRP channels","2/127",0.00452899838037377,0.0436412871397193,0,0,22.696,122.496087496976,"MAPK11;CAMK2D","L4","males","M_MUT_and_WT_M_P30_CORT"
"Osteoclast differentiation","2/128",0.00459874611352365,0.0436412871397193,0,0,22.5147392290249,121.173687036852,"MAPK11;JUNB","L4","males","M_MUT_and_WT_M_P30_CORT"
"Dopaminergic synapse","2/135",0.00510092966568147,0.0436412871397193,0,0,21.3222341568206,112.545840850387,"MAPK11;CAMK2D","L4","males","M_MUT_and_WT_M_P30_CORT"
"Adrenergic signaling in cardiomyocytes","2/148",0.00609765100943916,0.0469519127726815,0,0,19.4109589041096,98.9930110356138,"MAPK11;CAMK2D","L4","males","M_MUT_and_WT_M_P30_CORT"
"Cushing syndrome","2/159",0.00700511451472658,0.049035801603086,0,0,18.0409463148317,89.5032048981669,"NR4A1;CAMK2D","L4","males","M_MUT_and_WT_M_P30_CORT"
"Gastric acid secretion","2/74",0.000280224444748221,0.0114892022346771,0,0,110.672222222222,905.289889415916,"ATP1B1;ACTB","Oligo","males","M_MUT_and_WT_M_P60_CORT"
"Thyroid hormone signaling pathway","2/115",0.000675435909192625,0.0138464361384488,0,0,70.3716814159292,513.723990826479,"ATP1B1;ACTB","Oligo","males","M_MUT_and_WT_M_P60_CORT"
"Thyroid hormone signaling pathway","3/115",0.000388377846471701,0.0365075175683399,0,0,24.1838474025974,189.928616100141,"NCOR1;PRKACB;ACTG1","Peri","males","M_MUT_and_WT_M_P60_CORT"
"Antigen processing and presentation","3/90",0.000890952613255267,0.0221365813984658,0,0,17.5694076038904,123.39380284877,"HSP90AA1;HSP90AB1;CTSB","Pvalb","males","M_MUT_and_WT_M_P60_CORT"
"IL-17 signaling pathway","3/91",0.0009199855527524,0.0221365813984658,0,0,17.3688811188811,121.428498247015,"HSP90AA1;HSP90AB1;HSP90B1","Pvalb","males","M_MUT_and_WT_M_P60_CORT"
"Prostate cancer","3/97",0.00110682906992329,0.0221365813984658,0,0,16.2553191489362,110.63786422992,"HSP90AA1;HSP90AB1;HSP90B1","Pvalb","males","M_MUT_and_WT_M_P60_CORT"
"Estrogen signaling pathway","3/134",0.00278923050483465,0.0402072944380014,0,0,11.6423957721668,68.4804499883692,"HSP90AA1;HSP90AB1;HSP90B1","Pvalb","males","M_MUT_and_WT_M_P60_CORT"
"Fluid shear stress and atherosclerosis","3/143",0.00335060786983345,0.0402072944380014,0,0,10.889010989011,62.0522649792456,"HSP90AA1;HSP90AB1;HSP90B1","Pvalb","males","M_MUT_and_WT_M_P60_CORT"
"Protein processing in endoplasmic reticulum","3/163",0.00483294299584291,0.0483294299584291,0,0,9.51826923076923,50.7542639825766,"HSP90AA1;HSP90AB1;HSP90B1","Pvalb","males","M_MUT_and_WT_M_P60_CORT"
"Long-term potentiation","7/67",8.3187840065211e-08,1.28941152101077e-05,0,0,22.4611650485437,366.165610916491,"GRIA1;CAMK2B;PPP3CA;GRIN2A;CAMK2A;ARAF;MAPK1","Sncg","males","M_MUT_and_WT_M_P60_CORT"
"Axon guidance","9/180",6.74718801403749e-07,5.22907071087905e-05,0,0,10.2756644085461,146.006605496261,"EPHA5;CAMK2B;PPP3CA;EPHA7;ROCK2;CAMK2A;MAPK1;SLIT3;PLXNA4","Sncg","males","M_MUT_and_WT_M_P60_CORT"
"Glutamatergic synapse","7/114",3.18483521794496e-06,0.000164549819593823,0,0,12.5651937210779,159.039039189305,"GRIA1;PPP3CA;GRIN2A;DLG4;MAPK1;DLGAP1;SLC17A7","Sncg","males","M_MUT_and_WT_M_P60_CORT"
"Amphetamine addiction","5/68",3.63362878835088e-05,0.00135864279576232,0,0,14.9863945578231,153.201320479875,"GRIA1;CAMK2B;PPP3CA;GRIN2A;CAMK2A","Sncg","males","M_MUT_and_WT_M_P60_CORT"
"Oocyte meiosis","6/116",4.38271869600749e-05,0.00135864279576232,0,0,10.3741258741259,104.107011270634,"CAMK2B;PPP3CA;CAMK2A;ANAPC4;MAPK1;YWHAH","Sncg","males","M_MUT_and_WT_M_P60_CORT"
"cAMP signaling pathway","7/211",0.000167222514398069,0.00431991495528344,0,0,6.55825242718447,57.0317777665523,"GRIA1;CAMK2B;GRIN2A;ROCK2;CAMK2A;MAPK1;RAPGEF4","Sncg","males","M_MUT_and_WT_M_P60_CORT"
"Circadian entrainment","5/99",0.000217829059425035,0.00482335774441148,0,0,10.0283687943262,84.5571993365691,"GRIA1;CAMK2B;GRIN2A;CAMK2A;MAPK1","Sncg","males","M_MUT_and_WT_M_P60_CORT"
"Calcium signaling pathway","6/189",0.000624529037660915,0.0121002501046802,0,0,6.21279949558638,45.8412201796976,"CAMK2B;PPP3CA;GRIN2A;CAMK2A;HTR2C;CACNA1E","Sncg","males","M_MUT_and_WT_M_P60_CORT"
"Glioma","4/75",0.00077976476979441,0.0134292821464593,0,0,10.5336167951103,75.3840209480652,"CAMK2B;CAMK2A;ARAF;MAPK1","Sncg","males","M_MUT_and_WT_M_P60_CORT"
"Dopaminergic synapse","5/135",0.000903135527281218,0.0139986006728589,0,0,7.23809523809524,50.7364269235424,"GRIA1;CAMK2B;PPP3CA;GRIN2A;CAMK2A","Sncg","males","M_MUT_and_WT_M_P60_CORT"
"ErbB signaling pathway","4/84",0.00119190127556984,0.0167949725193932,0,0,9.34433962264151,62.9080149404042,"CAMK2B;CAMK2A;ARAF;MAPK1","Sncg","males","M_MUT_and_WT_M_P60_CORT"
"Nicotine addiction","3/40",0.00137917692893659,0.0176716681765836,0,0,15.0439504925486,99.0834955304339,"GRIA1;GRIN2A;SLC17A7","Sncg","males","M_MUT_and_WT_M_P60_CORT"
"Bladder cancer","3/41",0.00148213991158444,0.0176716681765836,0,0,14.6473192326611,95.4165680792325,"DAPK1;ARAF;MAPK1","Sncg","males","M_MUT_and_WT_M_P60_CORT"
"Oxytocin signaling pathway","5/154",0.00162188578438032,0.0179565926127822,0,0,6.30904442313838,40.5303470497948,"CAMK2B;PPP3CA;ROCK2;CAMK2A;MAPK1","Sncg","males","M_MUT_and_WT_M_P60_CORT"
"HIF-1 signaling pathway","4/104",0.00261182144637683,0.0269888216125606,0,0,7.46792452830189,44.417030195237,"CAMK2B;CAMK2A;MAPK1;ENO1","Sncg","males","M_MUT_and_WT_M_P60_CORT"
"Amyotrophic lateral sclerosis (ALS)","3/52",0.00294110276464961,0.0284919330325431,0,0,11.3528514209422,66.1754380437196,"GRIA1;PPP3CA;GRIN2A","Sncg","males","M_MUT_and_WT_M_P60_CORT"
"Neurotrophin signaling pathway","4/121",0.00449437544605292,0.0397960362519632,0,0,6.37735849056604,34.4691670740166,"CAMK2B;CAMK2A;MATK;MAPK1","Sncg","males","M_MUT_and_WT_M_P60_CORT"
"Long-term depression","3/61",0.00462147517764735,0.0397960362519632,0,0,9.58685143409604,51.5488963122077,"GRIA1;ARAF;MAPK1","Sncg","males","M_MUT_and_WT_M_P60_CORT"
"Proteoglycans in cancer","5/203",0.00530926811198837,0.0433124503872735,0,0,4.73593073593074,24.8082320608585,"CAMK2B;ROCK2;CAMK2A;ARAF;MAPK1","Sncg","males","M_MUT_and_WT_M_P60_CORT"
"Gastric acid secretion","6/74",2.11205660746627e-05,0.00325256717549806,0,0,11.9540692989525,128.688703470315,"CHRM3;CAMK2D;SST;CAMK2A;GNAS;ATP1B1","Sst","males","M_MUT_and_WT_M_P60_CORT"
"GABAergic synapse","6/90",6.42469774174348e-05,0.00494701726114248,0,0,9.6692759295499,93.3353534638499,"GABRB3;KCNJ6;GAD1;GAD2;SLC6A1;SLC38A2","Sst","males","M_MUT_and_WT_M_P60_CORT"
"Thyroid hormone synthesis","5/73",0.000235208522963584,0.00912580225505111,0,0,9.89395758303321,82.6643926205053,"HSPA5;CANX;GNAS;ATP1B1;HSP90B1","Sst","males","M_MUT_and_WT_M_P60_CORT"
"Glutamatergic synapse","6/114",0.000237033824806522,0.00912580225505111,0,0,7.51141552511416,62.7000966980831,"GRK3;GRIN3A;TRPC1;GNAS;GRIK1;SLC38A2","Sst","males","M_MUT_and_WT_M_P60_CORT"
"Insulin secretion","5/86",0.000503912815999147,0.0155205147327737,0,0,8.30057949105568,63.0271906363348,"CHRM3;CAMK2D;CAMK2A;GNAS;ATP1B1","Sst","males","M_MUT_and_WT_M_P60_CORT"
"Circadian entrainment","5/99",0.000956397779262721,0.0245475430010765,0,0,7.14792299898683,49.6947669969069,"CAMK2D;KCNJ6;PER3;CAMK2A;GNAS","Sst","males","M_MUT_and_WT_M_P60_CORT"
"cAMP signaling pathway","7/211",0.00117201344438564,0.0257842957764842,0,0,4.64868154158215,31.3741010238641,"CAMK2D;GRIN3A;SST;NPY;CAMK2A;GNAS;ATP1B1","Sst","males","M_MUT_and_WT_M_P60_CORT"
"Amphetamine addiction","4/68",0.00179051727764414,0.0344674575946497,0,0,8.35472972972973,52.8457602296277,"CAMK2D;GRIN3A;CAMK2A;GNAS","Sst","males","M_MUT_and_WT_M_P60_CORT"
"Alzheimer disease","6/175",0.00222877893922992,0.0353160967884171,0,0,4.78536110885953,29.2208572593975,"APP;RTN3;ATP5A1;MAPT;COX5B;GAPDH","Sst","males","M_MUT_and_WT_M_P60_CORT"
"Necroptosis","6/176",0.00229325303820891,0.0353160967884171,0,0,4.75697018533441,28.9118369418583,"CAMK2D;HSP90AB1;H2AFZ;CAMK2A;PPIA;SLC25A4","Sst","males","M_MUT_and_WT_M_P60_CORT"
"Synaptic vesicle cycle","4/77",0.00282273540352882,0.0387194725201333,0,0,7.32136245834876,42.9767553737137,"UNC13C;ATP6V1B2;SLC6A1;ATP6V0C","Sst","males","M_MUT_and_WT_M_P60_CORT"
"Taurine and hypotaurine metabolism","2/11",0.00301710175481558,0.0387194725201333,0,0,29.3911111111111,170.570096312748,"GAD1;GAD2","Sst","males","M_MUT_and_WT_M_P60_CORT"
"Serotonergic synapse","5/132",0.0033881679553616,0.040136758855822,0,0,5.28175049547378,30.0397759928151,"GABRB3;APP;KCNJ6;TRPC1;GNAS","Sst","males","M_MUT_and_WT_M_P60_CORT"
"Alcoholism","6/199",0.00420087149160367,0.0462095864076404,0,0,4.18517992760309,22.9032434623523,"NTRK2;GRIN3A;H3F3B;H2AFZ;NPY;GNAS","Sst","males","M_MUT_and_WT_M_P60_CORT"
"Antigen processing and presentation","4/90",0.00494045490386414,0.0498058314372333,0,0,6.21055939660591,32.9799203118257,"HSP90AB1;HSPA5;CANX;CALR","Sst","males","M_MUT_and_WT_M_P60_CORT"
"Morphine addiction","4/92",0.00533993130852622,0.0498058314372333,0,0,6.06879606879607,31.7552332910852,"GABRB3;GRK3;KCNJ6;GNAS","Sst","males","M_MUT_and_WT_M_P60_CORT"
"Adrenergic signaling in cardiomyocytes","5/148",0.00549804632748679,0.0498058314372333,0,0,4.68697968697969,24.3880541682193,"CAMK2D;CAMK2A;GNAS;CACNA2D2;ATP1B1","Sst","males","M_MUT_and_WT_M_P60_CORT"
"Glutamatergic synapse","5/114",5.68512652803606e-05,0.00744751575172724,0,0,13.5690811995071,132.638746805514,"PRKCG;GRM7;SLC1A2;SLC38A2;GRIA4","Endo","males","M_MUT_and_WT_M_P120_CORT"
"Gastric acid secretion","5/74",7.04624965249125e-05,0.00937151203781336,0,0,12.9357618488053,123.67144505551,"PRKCG;CAMK2D;ATP1B1;CALM1;ACTB","L2_3_IT","males","M_MUT_and_WT_M_P120_CORT"
"Oxytocin signaling pathway","6/154",0.000279458493971623,0.0185839898491129,0,0,7.27371007371007,59.5182730314316,"PRKCG;CAMK2D;ROCK2;CALM1;ACTB;ACTG1","L2_3_IT","males","M_MUT_and_WT_M_P120_CORT"
"Synaptic vesicle cycle","4/77",0.001049353499576,0.0307270956930751,0,0,9.69227005870841,66.4849117270211,"SYT1;CLTC;SLC17A7;ATP6V0C","L2_3_IT","males","M_MUT_and_WT_M_P120_CORT"
"Salmonella infection","4/78",0.00110117511536403,0.0307270956930751,0,0,9.56081081081081,65.1222905169865,"ROCK2;ACTB;DYNC1I1;ACTG1","L2_3_IT","males","M_MUT_and_WT_M_P120_CORT"
"Proteoglycans in cancer","6/203",0.00119435970817209,0.0307270956930751,0,0,5.45094600830641,36.6856572752159,"PRKCG;DDX5;CAMK2D;ROCK2;ACTB;ACTG1","L2_3_IT","males","M_MUT_and_WT_M_P120_CORT"
"Rap1 signaling pathway","6/209",0.00138618476810865,0.0307270956930751,0,0,5.28822212270488,34.8028478399526,"PRKCG;DOCK4;CALM1;RAPGEF6;ACTB;ACTG1","L2_3_IT","males","M_MUT_and_WT_M_P120_CORT"
"Synaptic vesicle cycle","3/77",0.000275465506111876,0.0192825854278313,0,0,26.8824324324324,220.356592819637,"SYT1;CLTC;STX1A","L4","males","M_MUT_and_WT_M_P120_CORT"
"Gastric acid secretion","4/74",2.9698077437942e-05,0.00341527890536333,0,0,25.8207792207792,269.166860268128,"PRKCG;ATP1B1;CALM1;ACTB","L5","males","M_MUT_and_WT_M_P120_CORT"
"Rap1 signaling pathway","5/209",0.000141149874410639,0.00636484528595345,0,0,11.2562699498404,99.7945807174101,"PRKCG;DOCK4;CALM1;ACTB;ACTG1","L5","males","M_MUT_and_WT_M_P120_CORT"
"Thyroid hormone signaling pathway","4/115",0.000166039442242264,0.00636484528595345,0,0,16.2497952497952,141.426602402457,"PRKCG;ATP1B1;ACTB;ACTG1","L5","males","M_MUT_and_WT_M_P120_CORT"
"Oxytocin signaling pathway","4/154",0.000505405643674185,0.0145304122556328,0,0,12.0012121212121,91.0909905367444,"PRKCG;CALM1;ACTB;ACTG1","L5","males","M_MUT_and_WT_M_P120_CORT"
"Adherens junction","3/72",0.000688822464479816,0.0158429166830358,0,0,19.2106280193237,139.863495817306,"LMO7;ACTB;ACTG1","L5","males","M_MUT_and_WT_M_P120_CORT"
"Salivary secretion","3/78",0.000869841243321369,0.0166719571636596,0,0,17.6684444444444,124.513058895648,"PRKCG;ATP1B1;CALM1","L5","males","M_MUT_and_WT_M_P120_CORT"
"Aldosterone synthesis and secretion","3/102",0.00188570248645859,0.0309793979918196,0,0,13.3690235690236,83.8699658243334,"PRKCG;ATP1B1;CALM1","L5","males","M_MUT_and_WT_M_P120_CORT"
"Leukocyte transendothelial migration","3/115",0.00265321783360334,0.038140006358048,0,0,11.8095238095238,70.0538838333344,"PRKCG;ACTB;ACTG1","L5","males","M_MUT_and_WT_M_P120_CORT"
"Aldosterone-regulated sodium reabsorption","2/38",0.00375250091370647,0.0479486227862493,0,0,24.0531400966184,134.344791145167,"PRKCG;ATP1B1","L5","males","M_MUT_and_WT_M_P120_CORT"
"Fluid shear stress and atherosclerosis","3/143",0.00126141022391169,0.048075853503287,0,0,15.7380952380952,105.060047562063,"CALM1;ACTB;ACTG1","L6","males","M_MUT_and_WT_M_P120_CORT"
"Oxytocin signaling pathway","3/154",0.00156044940580071,0.048075853503287,0,0,14.5835172921266,94.2500845728984,"CALM1;ACTB;ACTG1","L6","males","M_MUT_and_WT_M_P120_CORT"
"Phagosome","3/180",0.0024341976842087,0.048075853503287,0,0,12.4249843063402,74.7752710716537,"ATP6V0C;ACTB;ACTG1","L6","males","M_MUT_and_WT_M_P120_CORT"
"Rap1 signaling pathway","3/209",0.0037094043101355,0.048075853503287,0,0,10.6601941747573,59.6638699850404,"CALM1;ACTB;ACTG1","L6","males","M_MUT_and_WT_M_P120_CORT"
"Adherens junction","2/72",0.00520863938162792,0.048075853503287,0,0,20.3061224489796,106.7581516208,"ACTB;ACTG1","L6","males","M_MUT_and_WT_M_P120_CORT"
"Arrhythmogenic right ventricular cardiomyopathy (ARVC)","2/72",0.00520863938162792,0.048075853503287,0,0,20.3061224489796,106.7581516208,"ACTB;ACTG1","L6","males","M_MUT_and_WT_M_P120_CORT"
"Bacterial invasion of epithelial cells","2/74",0.00549391086102872,0.048075853503287,0,0,19.7400793650794,102.729641471297,"ACTB;ACTG1","L6","males","M_MUT_and_WT_M_P120_CORT"
"Gastric acid secretion","2/74",0.00549391086102872,0.048075853503287,0,0,19.7400793650794,102.729641471297,"CALM1;ACTB","L6","males","M_MUT_and_WT_M_P120_CORT"
"Synaptic vesicle cycle","2/77",0.0059350169562527,0.048075853503287,0,0,18.947619047619,97.1422713450204,"SYT1;ATP6V0C","L6","males","M_MUT_and_WT_M_P120_CORT"
"Salmonella infection","2/78",0.00608555107636544,0.048075853503287,0,0,18.6973684210526,95.3909445901031,"ACTB;ACTG1","L6","males","M_MUT_and_WT_M_P120_CORT"
"Hypertrophic cardiomyopathy (HCM)","2/86",0.00735205304187803,0.0487749272778202,0,0,16.9098639455782,83.0743683327156,"ACTB;ACTG1","L6","males","M_MUT_and_WT_M_P120_CORT"
"Viral myocarditis","2/87",0.00751806696063408,0.0487749272778202,0,0,16.7100840336134,81.7197674179014,"ACTB;ACTG1","L6","males","M_MUT_and_WT_M_P120_CORT"
"Dilated cardiomyopathy (DCM)","2/90",0.00802625385584383,0.0487749272778202,0,0,16.137987012987,77.8663905506349,"ACTB;ACTG1","L6","males","M_MUT_and_WT_M_P120_CORT"
"Thyroid hormone synthesis","6/73",3.94213270545736e-06,0.000267304275662026,0,0,16.2820758592359,202.610711350369,"HSPA5;CANX;GNAS;ATP1A3;ATP1B1;HSP90B1","Lamp5","males","M_MUT_and_WT_M_P120_CORT"
"Gastric acid secretion","6/74",4.27000296867175e-06,0.000267304275662026,0,0,16.0418240690772,198.339445009606,"CAMK2D;GNAS;ATP1A3;ATP1B1;CALM1;ACTB","Lamp5","males","M_MUT_and_WT_M_P120_CORT"
"Salivary secretion","6/78",5.81096251439188e-06,0.000267304275662026,0,0,15.1475535168196,182.615335461085,"KCNMA1;GNAS;ATP1A3;ATP1B1;CALM1;VAMP2","Lamp5","males","M_MUT_and_WT_M_P120_CORT"
"Insulin secretion","6/86",1.02472664029339e-05,0.00035353069090122,0,0,13.6272935779817,156.557156551884,"CAMK2D;KCNMA1;GNAS;ATP1A3;ATP1B1;VAMP2","Lamp5","males","M_MUT_and_WT_M_P120_CORT"
"Ribosome","7/170",5.7437780647857e-05,0.00158528274588085,0,0,7.84219495569189,76.5775301717574,"RPS16;RPL32;RPS8;RPS5;RPL14;RPL8;RPL19","Lamp5","males","M_MUT_and_WT_M_P120_CORT"
"Synaptic vesicle cycle","5/77",8.18083716394022e-05,0.00188159254770625,0,0,12.5082070707071,117.716375027513,"ATP6V0B;SYT1;ATP6V0C;DNM1;VAMP2","Lamp5","males","M_MUT_and_WT_M_P120_CORT"
"Endocrine and other factor-regulated calcium reabsorption","4/55",0.00028216539954322,0.00530840133952198,0,0,14.0144850733086,114.540626653015,"GNAS;ATP1A3;ATP1B1;DNM1","Lamp5","males","M_MUT_and_WT_M_P120_CORT"
"Aldosterone synthesis and secretion","5/102",0.000307733410986782,0.00530840133952198,0,0,9.27272727272727,74.9818384773572,"CAMK2D;GNAS;ATP1A3;ATP1B1;CALM1","Lamp5","males","M_MUT_and_WT_M_P120_CORT"
"Adrenergic signaling in cardiomyocytes","5/148",0.001657061788195,0.0254082807523233,0,0,6.27527018436109,40.1787304684508,"CAMK2D;GNAS;ATP1A3;ATP1B1;CALM1","Lamp5","males","M_MUT_and_WT_M_P120_CORT"
"Oxytocin signaling pathway","5/154",0.00197242985620533,0.0259159789347546,0,0,6.02074435631483,37.5001403969175,"CAMK2D;GNAS;CALM1;ACTB;ACTG1","Lamp5","males","M_MUT_and_WT_M_P120_CORT"
"Mineral absorption","3/44",0.00206576643682827,0.0259159789347546,0,0,12.9642857142857,80.1485067680731,"FTL1;ATP1A3;ATP1B1","Lamp5","males","M_MUT_and_WT_M_P120_CORT"
"Pancreatic secretion","4/105",0.00317397801370438,0.0337781092682324,0,0,7.05878155383106,40.6075438222819,"KCNMA1;GNAS;ATP1A3;ATP1B1","Lamp5","males","M_MUT_and_WT_M_P120_CORT"
"cGMP-PKG signaling pathway","5/172",0.00318199580063059,0.0337781092682324,0,0,5.36690255851932,30.8610135588667,"KCNMA1;ATP1A3;ATP1B1;CALM1;SLC25A4","Lamp5","males","M_MUT_and_WT_M_P120_CORT"
"Phagosome","5/180",0.00386256131455335,0.0380738186720259,0,0,5.11948051948052,28.4460083299171,"ATP6V0B;CANX;ATP6V0C;ACTB;ACTG1","Lamp5","males","M_MUT_and_WT_M_P120_CORT"
"Thyroid hormone signaling pathway","4/115",0.00439372154289789,0.0404222381946606,0,0,6.41960879798718,34.8429318404349,"ATP1A3;ATP1B1;ACTB;ACTG1","Lamp5","males","M_MUT_and_WT_M_P120_CORT"
"Lysine degradation","3/59",0.00476401861348706,0.0410896605413259,0,0,9.48453443877551,50.7106161885295,"KMT2E;KMT2A;KMT2C","Lamp5","males","M_MUT_and_WT_M_P120_CORT"
"Arginine and proline metabolism","2/50",6.09567865299597e-05,0.000365740719179758,0,0,277.041666666667,2688.78505476905,"GATM;CKB","Oligo","males","M_MUT_and_WT_M_P120_CORT"
"Glycine, serine and threonine metabolism","1/40",0.0099609694951761,0.0298829084855283,0,0,127.923076923077,589.607807093397,"GATM","Oligo","males","M_MUT_and_WT_M_P120_CORT"
"Salivary secretion","1/78",0.0193502634667733,0.0378653269335238,0,0,64.6688311688312,255.121723496479,"CST3","Oligo","males","M_MUT_and_WT_M_P120_CORT"
"Longevity regulating pathway","1/102",0.0252435512890159,0.0378653269335238,0,0,49.2425742574257,181.172518428561,"CRYAB","Oligo","males","M_MUT_and_WT_M_P120_CORT"
"Spliceosome","1/132",0.0325702861721075,0.039084343406529,0,0,37.9083969465649,129.811803825291,"SNRNP70","Oligo","males","M_MUT_and_WT_M_P120_CORT"
"Protein processing in endoplasmic reticulum","1/163",0.0400948972290188,0.0400948972290188,0,0,30.6064814814815,98.4459375651455,"CRYAB","Oligo","males","M_MUT_and_WT_M_P120_CORT"
"Ribosome","8/170",7.6283023110888e-07,0.000112136043973005,0,0,12.3463041100172,173.912883445613,"RPS16;RPS8;RPS5;RPL11;RPL35;RPSA;RPL8;RPL29","Peri","males","M_MUT_and_WT_M_P120_CORT"
"Fluid shear stress and atherosclerosis","7/143",2.98872800445302e-06,0.000219671508327297,0,0,12.7241727941176,161.859909966075,"HSP90AA1;HSP90AB1;GSTP1;CALM1;ACTB;ACTG1;HSP90B1","Peri","males","M_MUT_and_WT_M_P120_CORT"
"Thyroid hormone synthesis","4/73",0.000289186425061591,0.00895828080888291,0,0,13.8599615854723,112.937051638022,"HSPA5;GNAS;ATP1B1;HSP90B1","Peri","males","M_MUT_and_WT_M_P120_CORT"
"Estrogen signaling pathway","5/134",0.000298086708774076,0.00895828080888291,0,0,9.35148421251654,75.9165284777691,"HSP90AA1;HSP90AB1;GNAS;CALM1;HSP90B1","Peri","males","M_MUT_and_WT_M_P120_CORT"
"Gastric acid secretion","4/74",0.000304703428873569,0.00895828080888291,0,0,13.6612736660929,110.604016131517,"GNAS;ATP1B1;CALM1;ACTB","Peri","males","M_MUT_and_WT_M_P120_CORT"
"Oxytocin signaling pathway","5/154",0.000563950731508339,0.0117941439142385,0,0,8.08806678670814,60.5031367695825,"GNAS;CALM1;CACNG3;ACTB;ACTG1","Peri","males","M_MUT_and_WT_M_P120_CORT"
"Antigen processing and presentation","4/90",0.000641858172203457,0.0117941439142385,0,0,11.1106752591762,81.676164815023,"HSP90AA1;HSP90AB1;HSPA5;CALR","Peri","males","M_MUT_and_WT_M_P120_CORT"
"Dilated cardiomyopathy (DCM)","4/90",0.000641858172203457,0.0117941439142385,0,0,11.1106752591762,81.676164815023,"GNAS;CACNG3;ACTB;ACTG1","Peri","males","M_MUT_and_WT_M_P120_CORT"
"Protein processing in endoplasmic reticulum","5/163",0.000729305966505787,0.0119119974529279,0,0,7.62388082741587,55.0704719518594,"HSP90AA1;HSP90AB1;HSPA5;CALR;HSP90B1","Peri","males","M_MUT_and_WT_M_P120_CORT"
"Prostate cancer","4/97",0.000850512546838888,0.0125025344385316,0,0,10.2707604611996,72.6109014264306,"HSP90AA1;HSP90AB1;GSTP1;HSP90B1","Peri","males","M_MUT_and_WT_M_P120_CORT"
"Alzheimer disease","5/175",0.00100314640224384,0.0134056837390768,0,0,7.08142037302726,48.8944729466558,"RTN3;ATP5B;COX4I1;CALM1;GAPDH","Peri","males","M_MUT_and_WT_M_P120_CORT"
"Thyroid hormone signaling pathway","4/115",0.00159940812657276,0.0195927495505163,0,0,8.59741669380224,55.3512144564358,"NCOR1;ATP1B1;ACTB;ACTG1","Peri","males","M_MUT_and_WT_M_P120_CORT"
"Endocrine and other factor-regulated calcium reabsorption","3/55",0.00177149463795685,0.0200315162907428,0,0,13.6407967032967,86.4271557068769,"CLTC;GNAS;ATP1B1","Peri","males","M_MUT_and_WT_M_P120_CORT"
"Rap1 signaling pathway","5/209",0.0021931053362124,0.0230276060302302,0,0,5.89102104256337,36.0674038896148,"MAGI2;GNAS;CALM1;ACTB;ACTG1","Peri","males","M_MUT_and_WT_M_P120_CORT"
"Glycolysis / Gluconeogenesis","3/67",0.0031157528407842,0.0288760508837418,0,0,11.0764508928571,63.9253490595256,"PKM;ENO2;GAPDH","Peri","males","M_MUT_and_WT_M_P120_CORT"
"Amphetamine addiction","3/68",0.00324940449064254,0.0288760508837418,0,0,10.9054945054945,62.4806700904053,"GNAS;CALM1;GRIA4","Peri","males","M_MUT_and_WT_M_P120_CORT"
"Thermogenesis","5/231",0.00337397893165295,0.0288760508837418,0,0,5.31162313835528,30.2319664389312,"ATP5B;COX4I1;GNAS;ACTB;ACTG1","Peri","males","M_MUT_and_WT_M_P120_CORT"
"Adherens junction","3/72",0.00381898878183859,0.0288760508837418,0,0,10.2712215320911,57.1877950855023,"BAIAP2;ACTB;ACTG1","Peri","males","M_MUT_and_WT_M_P120_CORT"
"Arrhythmogenic right ventricular cardiomyopathy (ARVC)","3/72",0.00381898878183859,0.0288760508837418,0,0,10.2712215320911,57.1877950855023,"CACNG3;ACTB;ACTG1","Peri","males","M_MUT_and_WT_M_P120_CORT"
"Adrenergic signaling in cardiomyocytes","4/148",0.00398410707592824,0.0288760508837418,0,0,6.6161311914324,36.5570495803464,"GNAS;ATP1B1;CALM1;CACNG3","Peri","males","M_MUT_and_WT_M_P120_CORT"
"Bacterial invasion of epithelial cells","3/74",0.00412515012624883,0.0288760508837418,0,0,9.98088531187123,54.8015765390065,"CLTC;ACTB;ACTG1","Peri","males","M_MUT_and_WT_M_P120_CORT"
"Cardiac muscle contraction","3/78",0.00478124481787277,0.0305583907924912,0,0,9.44666666666667,50.4740533718603,"COX4I1;ATP1B1;CACNG3","Peri","males","M_MUT_and_WT_M_P120_CORT"
"Salivary secretion","3/78",0.00478124481787277,0.0305583907924912,0,0,9.44666666666667,50.4740533718603,"GNAS;ATP1B1;CALM1","Peri","males","M_MUT_and_WT_M_P120_CORT"
"Hypertrophic cardiomyopathy (HCM)","3/86",0.00627378446602173,0.0384269298543831,0,0,8.53270223752151,43.2725372751679,"CACNG3;ACTB;ACTG1","Peri","males","M_MUT_and_WT_M_P120_CORT"
"IL-17 signaling pathway","3/91",0.0073326235567767,0.043115826513847,0,0,8.04586038961039,39.5487984172476,"HSP90AA1;HSP90AB1;HSP90B1","Peri","males","M_MUT_and_WT_M_P120_CORT"
"Phagosome","4/180",0.00790896506288002,0.0447160717016678,0,0,5.40443592552026,26.1561638697027,"CALR;ATP6V0C;ACTB;ACTG1","Peri","males","M_MUT_and_WT_M_P120_CORT"
"Parkinson disease","4/144",0.000126919781385289,0.0102486027933003,0,0,17.7,158.803609052693,"UCHL1;COX4I1;ATP5G3;SLC25A4","Pvalb","males","M_MUT_and_WT_M_P120_CORT"
"Bacterial invasion of epithelial cells","3/74",0.000317992617327037,0.0102486027933003,0,0,25.4711907810499,205.131786443336,"DNM3;ACTB;ACTG1","Pvalb","males","M_MUT_and_WT_M_P120_CORT"
"Synaptic vesicle cycle","3/77",0.000357509399766291,0.0102486027933003,0,0,24.4348894348894,193.923807964524,"DNM3;SYT1;ATP6V0C","Pvalb","males","M_MUT_and_WT_M_P120_CORT"
"Thermogenesis","4/231",0.000764115146112939,0.0164284756414282,0,0,10.8683920704846,78.0001899745294,"COX4I1;ATP5G3;ACTB;ACTG1","Pvalb","males","M_MUT_and_WT_M_P120_CORT"
"Oxidative phosphorylation","3/134",0.00178623461547275,0.0307232353861313,0,0,13.763358778626,87.0896544354216,"COX4I1;ATP5G3;ATP6V0C","Pvalb","males","M_MUT_and_WT_M_P120_CORT"
"Fluid shear stress and atherosclerosis","3/143",0.00215001196895301,0.0308168382216598,0,0,12.8727272727273,79.0679193434809,"CALM1;ACTB;ACTG1","Pvalb","males","M_MUT_and_WT_M_P120_CORT"
"Oxytocin signaling pathway","3/154",0.00265323726864059,0.0325969150147272,0,0,11.9283564118001,70.7587093269255,"CALM1;ACTB;ACTG1","Pvalb","males","M_MUT_and_WT_M_P120_CORT"
"Alzheimer disease","3/175",0.00380314200851259,0.0393226672952491,0,0,10.46088794926,58.2873114309991,"COX4I1;ATP5G3;CALM1","Pvalb","males","M_MUT_and_WT_M_P120_CORT"
"Phagosome","3/180",0.00411516285647956,0.0393226672952491,0,0,10.1628145865434,55.8251217326819,"ATP6V0C;ACTB;ACTG1","Pvalb","males","M_MUT_and_WT_M_P120_CORT"
"Huntington disease","3/192",0.004926403585408,0.0423670708345088,0,0,9.51178451178451,50.5375003357703,"COX4I1;ATP5G3;SLC25A4","Pvalb","males","M_MUT_and_WT_M_P120_CORT"
"Proteoglycans in cancer","3/203",0.00574939578698409,0.0446559409513348,0,0,8.98363636363636,46.3435301472559,"DDX5;ACTB;ACTG1","Pvalb","males","M_MUT_and_WT_M_P120_CORT"
"Rap1 signaling pathway","3/209",0.00623106152809323,0.0446559409513348,0,0,8.71932921447485,44.2785723499277,"CALM1;ACTB;ACTG1","Pvalb","males","M_MUT_and_WT_M_P120_CORT"
"Adherens junction","2/72",0.00743937338197041,0.0449707065049518,0,0,16.7176470588235,81.9326642463508,"ACTB;ACTG1","Pvalb","males","M_MUT_and_WT_M_P120_CORT"
"Arrhythmogenic right ventricular cardiomyopathy (ARVC)","2/72",0.00743937338197041,0.0449707065049518,0,0,16.7176470588235,81.9326642463508,"ACTB;ACTG1","Pvalb","males","M_MUT_and_WT_M_P120_CORT"
"Gastric acid secretion","2/74",0.00784372787877067,0.0449707065049518,0,0,16.2516339869281,78.7885889076938,"CALM1;ACTB","Pvalb","males","M_MUT_and_WT_M_P120_CORT"
"Salmonella infection","2/78",0.0086815795559782,0.0466634901133828,0,0,15.3931888544892,73.0645681167854,"ACTB;ACTG1","Pvalb","males","M_MUT_and_WT_M_P120_CORT"
"Long-term potentiation","7/67",1.21058085284881e-06,0.00010600402261225,0,0,14.7904914529915,201.511723648458,"GRIA2;GRM5;CAMK2D;CAMK2A;BRAF;CALM1;GRIN2B","Sncg","males","M_MUT_and_WT_M_P120_CORT"
"Ribosome","10/170",1.35902593092628e-06,0.00010600402261225,0,0,8.03799019607843,108.583138507066,"RPL30;RPS16;RPS7;RPS8;RPL23;RPL11;RPSA;RPL8;RPS11;RPL19","Sncg","males","M_MUT_and_WT_M_P120_CORT"
"Synaptic vesicle cycle","7/77",3.12692312342135e-06,0.00016260000241791,0,0,12.6711538461538,160.612717219994,"NSF;SLC32A1;SYT1;STXBP1;CLTC;ATP6V0C;VAMP2","Sncg","males","M_MUT_and_WT_M_P120_CORT"
"Calcium signaling pathway","8/189",0.000163620526119831,0.00638120051867341,0,0,5.6049901978257,48.8640841361712,"GRM5;CAMK2D;PDE1A;CAMK2A;HTR2C;VDAC1;CALM1;SLC25A4","Sncg","males","M_MUT_and_WT_M_P120_CORT"
"Amphetamine addiction","5/68",0.000232932546913841,0.00726749546371185,0,0,9.93269037572835,83.0845874819357,"GRIA2;CAMK2D;CAMK2A;CALM1;GRIN2B","Sncg","males","M_MUT_and_WT_M_P120_CORT"
"Nicotine addiction","4/40",0.000309152069948967,0.00771332375729752,0,0,13.837176799441,111.827597170763,"GABRA2;GRIA2;SLC32A1;GRIN2B","Sncg","males","M_MUT_and_WT_M_P120_CORT"
"Gastric acid secretion","5/74",0.000346110681417196,0.00771332375729752,0,0,9.06622638048065,72.2465091084419,"CAMK2D;CAMK2A;ATP1B1;CALM1;ACTB","Sncg","males","M_MUT_and_WT_M_P120_CORT"
"Insulin secretion","5/86",0.000691889142104217,0.0134918382710322,0,0,7.71839349898422,56.1596857299182,"CAMK2D;CAMK2A;CCK;ATP1B1;VAMP2","Sncg","males","M_MUT_and_WT_M_P120_CORT"
"Huntington disease","7/192",0.00101819639894025,0.017648737581631,0,0,4.76659736659737,32.8405329019824,"NDUFA13;GRM5;CLTC;VDAC1;ATP5G3;GRIN2B;SLC25A4","Sncg","males","M_MUT_and_WT_M_P120_CORT"
"Circadian entrainment","5/99",0.00130555844614634,0.0199220110043001,0,0,6.64657958524104,44.1407618711268,"GRIA2;CAMK2D;CAMK2A;CALM1;GRIN2B","Sncg","males","M_MUT_and_WT_M_P120_CORT"
"Proteoglycans in cancer","7/203",0.00140475718620065,0.0199220110043001,0,0,4.49656593406593,29.5329540854382,"DDX5;CAMK2D;CAMK2A;ANK2;BRAF;ACTB;ACTG1","Sncg","males","M_MUT_and_WT_M_P120_CORT"
"cAMP signaling pathway","7/211",0.00175158567227353,0.0227706137395559,0,0,4.31847033685269,27.4103408987372,"GRIA2;CAMK2D;CAMK2A;BRAF;ATP1B1;CALM1;GRIN2B","Sncg","males","M_MUT_and_WT_M_P120_CORT"
"Glutamatergic synapse","5/114",0.00243082225100284,0.0291698670120341,0,0,5.72755777493903,34.477181247203,"GRIA2;GRM5;GRM7;SLC38A2;GRIN2B","Sncg","males","M_MUT_and_WT_M_P120_CORT"
"Neurotrophin signaling pathway","5/121",0.00314559067457979,0.0302629427683324,0,0,5.38001964207769,30.9983475010411,"CAMK2D;CAMK2A;MATK;BRAF;CALM1","Sncg","males","M_MUT_and_WT_M_P120_CORT"
"Alzheimer disease","6/175",0.00315520302247164,0.0302629427683324,0,0,4.4475935627332,25.6123678823727,"RTN3;NDUFA13;ATP5G3;MAPT;CALM1;GRIN2B","Sncg","males","M_MUT_and_WT_M_P120_CORT"
"Necroptosis","6/176",0.0032450094507649,0.0302629427683324,0,0,4.42120644436118,25.3363293072998,"FTL1;HSP90AA1;CAMK2D;CAMK2A;VDAC1;SLC25A4","Sncg","males","M_MUT_and_WT_M_P120_CORT"
"Glioma","4/75",0.00329788478885673,0.0302629427683324,0,0,7.00363185401718,40.0220720589748,"CAMK2D;CAMK2A;BRAF;CALM1","Sncg","males","M_MUT_and_WT_M_P120_CORT"
"Salivary secretion","4/78",0.00379819732236697,0.0329177101271804,0,0,6.71868094509604,37.44474556112,"CST3;ATP1B1;CALM1;VAMP2","Sncg","males","M_MUT_and_WT_M_P120_CORT"
"Dopaminergic synapse","5/135",0.00501074849063136,0.0402846079766587,0,0,4.79722492697176,25.4069186249877,"GRIA2;CAMK2D;CAMK2A;CALM1;GRIN2B","Sncg","males","M_MUT_and_WT_M_P120_CORT"
"Vasopressin-regulated water reabsorption","3/43",0.00516469333034086,0.0402846079766587,0,0,9.27984375,48.8668178510991,"NSF;DYNC1I1;VAMP2","Sncg","males","M_MUT_and_WT_M_P120_CORT"
"GABAergic synapse","4/90",0.00631156392470323,0.044489209172195,0,0,5.77768026912389,29.2660986152703,"NSF;GABRA2;SLC32A1;SLC38A2","Sncg","males","M_MUT_and_WT_M_P120_CORT"
"Fluid shear stress and atherosclerosis","5/143",0.00637254434710862,0.044489209172195,0,0,4.5172904054302,22.8383201606945,"HSP90AA1;SUMO2;CALM1;ACTB;ACTG1","Sncg","males","M_MUT_and_WT_M_P120_CORT"
"Parkinson disease","5/144",0.00655930648051593,0.044489209172195,0,0,4.48456424733631,22.5433232765347,"NDUFA13;UCHL1;VDAC1;ATP5G3;SLC25A4","Sncg","males","M_MUT_and_WT_M_P120_CORT"
"Rap1 signaling pathway","6/209",0.00741870941597384,0.0470730217351261,0,0,3.69627561105707,18.1256121564138,"BRAF;CALM1;GRIN2B;RAPGEF6;ACTB;ACTG1","Sncg","males","M_MUT_and_WT_M_P120_CORT"
"Retrograde endocannabinoid signaling","5/150",0.00776120292842818,0.0470730217351261,0,0,4.29768659973811,20.8808172150631,"GABRA2;GRIA2;NDUFA13;GRM5;SLC32A1","Sncg","males","M_MUT_and_WT_M_P120_CORT"
"Neuroactive ligand-receptor interaction","8/348",0.00784550362252101,0.0470730217351261,0,0,2.95969639468691,14.3480596844702,"GABRA2;GRIA2;GRM5;THRA;GRM7;HTR2C;CCK;GRIN2B","Sncg","males","M_MUT_and_WT_M_P120_CORT"
"Oxytocin signaling pathway","5/154",0.00864274550708321,0.0499358629298141,0,0,4.18146291733922,19.8662765862621,"CAMK2D;CAMK2A;CALM1;ACTB;ACTG1","Sncg","males","M_MUT_and_WT_M_P120_CORT"
"Bacterial invasion of epithelial cells","4/74",0.000393059871217288,0.0170764456293434,0,0,12.7364365971108,99.8733867407092,"DNM3;CLTC;ACTB;ACTG1","Sst","males","M_MUT_and_WT_M_P120_CORT"
"Gastric acid secretion","4/74",0.000393059871217288,0.0170764456293434,0,0,12.7364365971108,99.8733867407092,"SST;ATP1B1;CALM1;ACTB","Sst","males","M_MUT_and_WT_M_P120_CORT"
"Synaptic vesicle cycle","4/77",0.000457404793643128,0.0170764456293434,0,0,12.2111743881792,93.9032203087279,"DNM3;SYT1;CLTC;ATP6V0C","Sst","males","M_MUT_and_WT_M_P120_CORT"
"Huntington disease","5/192",0.00203250887880006,0.0480195603751876,0,0,5.99173553719008,37.1396789454582,"COX4I1;CLTC;ATP5G3;HAP1;SLC25A4","Sst","males","M_MUT_and_WT_M_P120_CORT"
"Endocrine and other factor-regulated calcium reabsorption","3/55",0.0021437303738923,0.0480195603751876,0,0,12.7275641025641,78.213526225156,"DNM3;CLTC;ATP1B1","Sst","males","M_MUT_and_WT_M_P120_CORT"
"Ribosome","10/170",2.60807425057833e-08,3.5991424657981e-06,0,0,12.7145618556701,222.02255172383,"RPS16;RPS8;RPS5;RPLP1;RPL35;FAU;RPL8;UBA52;RPS24;RPL19","Vip","males","M_MUT_and_WT_M_P120_CORT"
"Synaptic vesicle cycle","6/77",3.54658687690892e-06,0.000244714494506715,0,0,16.585134569795,208.135558591483,"DNM3;ATP6V0B;SYT1;CLTC;ATP6V0C;ATP6V0A1","Vip","males","M_MUT_and_WT_M_P120_CORT"
"Gastric acid secretion","5/74",4.79240989832263e-05,0.00220450855322841,0,0,14.0835464620631,140.073433071242,"CAMK2D;ATP1B1;CALM1;PRKACB;ACTB","Vip","males","M_MUT_and_WT_M_P120_CORT"
"Endocrine and other factor-regulated calcium reabsorption","4/55",0.000214080568920633,0.00738577962776185,0,0,15.109080525414,127.659010460126,"DNM3;CLTC;ATP1B1;PRKACB","Vip","males","M_MUT_and_WT_M_P120_CORT"
"Bacterial invasion of epithelial cells","4/74",0.000668184549321866,0.0184418935612835,0,0,10.9975034674064,80.4021556472235,"DNM3;CLTC;ACTB;ACTG1","Vip","males","M_MUT_and_WT_M_P120_CORT"
"Salivary secretion","4/78",0.000814908813064842,0.0187429027004914,0,0,10.4009446339543,73.9760357496209,"KCNMA1;ATP1B1;CALM1;PRKACB","Vip","males","M_MUT_and_WT_M_P120_CORT"
"Insulin secretion","4/86",0.001174171713294,0.0231479566335102,0,0,9.38242955245086,63.3050564767985,"CAMK2D;KCNMA1;ATP1B1;PRKACB","Vip","males","M_MUT_and_WT_M_P120_CORT"
"Oxytocin signaling pathway","5/154",0.00143491932691719,0.0247523583893215,0,0,6.49559152520068,42.5243424951512,"CAMK2D;CALM1;PRKACB;ACTB;ACTG1","Vip","males","M_MUT_and_WT_M_P120_CORT"
"Aldosterone synthesis and secretion","4/102",0.00220130340519053,0.0337533188795881,0,0,7.8442639191599,47.9967418614277,"CAMK2D;ATP1B1;CALM1;PRKACB","Vip","males","M_MUT_and_WT_M_P120_CORT"
"Tuberculosis","5/178",0.00270045324575272,0.0355483557559265,0,0,5.58766859344894,33.0473475696773,"ATP6V0B;CAMK2D;CALM1;ATP6V0C;ATP6V0A1","Vip","males","M_MUT_and_WT_M_P120_CORT"
"Phagosome","5/180",0.00283356458924052,0.0355483557559265,0,0,5.52324929971989,32.4005943347083,"ATP6V0B;ATP6V0C;ACTB;ACTG1;ATP6V0A1","Vip","males","M_MUT_and_WT_M_P120_CORT"
"Thyroid hormone signaling pathway","4/115",0.00339665529266155,0.03706847789294,0,0,6.92101810548412,39.3457392505741,"ATP1B1;PRKACB;ACTB;ACTG1","Vip","males","M_MUT_and_WT_M_P120_CORT"
"Calcium signaling pathway","5/189",0.0034919580623784,0.03706847789294,0,0,5.2506926683717,29.7047050438902,"CAMK2D;HTR2C;CALM1;PRKACB;SLC25A4","Vip","males","M_MUT_and_WT_M_P120_CORT"
"Lysosome","4/124",0.00444373668494361,0.0417113586172872,0,0,6.39902912621359,34.6588033244227,"ATP6V0B;CLTC;ATP6V0C;ATP6V0A1","Vip","males","M_MUT_and_WT_M_P120_CORT"
"Proteoglycans in cancer","5/203",0.00472501367806807,0.0417113586172872,0,0,4.87596553773024,26.1102338564935,"DDX5;CAMK2D;PRKACB;ACTB;ACTG1","Vip","males","M_MUT_and_WT_M_P120_CORT"
"Inflammatory mediator regulation of TRP channels","4/127",0.0048360995498304,0.0417113586172872,0,0,6.24200805114847,33.2801820098029,"CAMK2D;HTR2C;CALM1;PRKACB","Vip","males","M_MUT_and_WT_M_P120_CORT"
"Long-term potentiation","3/67",0.00556388404042292,0.0424218566660275,0,0,8.93734975961539,46.3978834709922,"CAMK2D;CALM1;PRKACB","Vip","males","M_MUT_and_WT_M_P120_CORT"
"Amphetamine addiction","3/68",0.00579830974551231,0.0424218566660275,0,0,8.79940828402367,45.3186142293756,"CAMK2D;CALM1;PRKACB","Vip","males","M_MUT_and_WT_M_P120_CORT"
"Oxidative phosphorylation","4/134",0.00584069041054002,0.0424218566660275,0,0,5.90380881254668,30.3627353479859,"ATP6V0B;COX4I1;ATP6V0C;ATP6V0A1","Vip","males","M_MUT_and_WT_M_P120_CORT"
"Thyroid hormone synthesis","3/73",0.00705882586238376,0.0470694431448873,0,0,8.16881868131868,40.4640517770881,"HSPA5;ATP1B1;PRKACB","Vip","males","M_MUT_and_WT_M_P120_CORT"
"Fluid shear stress and atherosclerosis","4/143",0.0073249643489829,0.0470694431448873,0,0,5.51903331703569,27.134145126119,"HSP90AA1;CALM1;ACTB;ACTG1","Vip","males","M_MUT_and_WT_M_P120_CORT"
"Parkinson disease","4/144",0.00750382426947479,0.0470694431448873,0,0,5.47933425797503,26.8067797841873,"UCHL1;COX4I1;PRKACB;SLC25A4","Vip","males","M_MUT_and_WT_M_P120_CORT"
"Renin secretion","3/76",0.00788709767185733,0.047322586031144,0,0,7.83192834562698,37.9263249514607,"KCNMA1;CALM1;PRKACB","Vip","males","M_MUT_and_WT_M_P120_CORT"
"Adrenergic signaling in cardiomyocytes","4/148",0.00824802835689176,0.0474261630521276,0,0,5.32605177993528,25.5532305367217,"CAMK2D;ATP1B1;CALM1;PRKACB","Vip","males","M_MUT_and_WT_M_P120_CORT"
